service,file,line,method,path,handler,classification
actuator-service,services/actuator-service/routers/commands.py,25,POST,/command,send_command,legacy_unversioned_business
actuator-service,services/actuator-service/routers/commands.py,70,GET,/commands,list_commands,legacy_unversioned_business
actuator-service,services/actuator-service/routers/health.py,20,GET,/healthz,health,infra
actuator-service,services/actuator-service/routers/health.py,20,GET,/health,health,infra
actuator-service,services/actuator-service/routers/health.py,32,GET,/readyz,readyz,infra
actuator-service,services/actuator-service/routers/metrics.py,18,GET,/idempotency/metrics,idempotency_metrics,legacy_unversioned_business
agriai-engine,services/agriai-engine/main.py,50,GET,/healthz,healthz,infra
agriai-engine,services/agriai-engine/main.py,55,GET,/health,legacy_health,infra
agriai-engine,services/agriai-engine/main.py,60,GET,/readyz,readyz,infra
agriai-engine,services/agriai-engine/main.py,67,GET,/metrics,metrics,infra
agriai-engine,services/agriai-engine/main.py,196,POST,/recommend,recommend,legacy_unversioned_business
agriai-engine,services/agriai-engine/main.py,242,POST,/simulate,simulate,legacy_unversioned_business
agriai-engine,services/agriai-engine/main.py,251,POST,/plan,plan,legacy_unversioned_business
agriai-engine,services/agriai-engine/main.py,261,POST,/replay/verify,replay_verify,legacy_unversioned_business
ai_agronomist,services/ai_agronomist/main.py,113,GET,/healthz,healthz,infra
ai_agronomist,services/ai_agronomist/main.py,118,GET,/healthz/ai-provider,ai_provider_snapshot,infra
ai_agronomist,services/ai_agronomist/main.py,126,GET,/approvals/pending,list_pending_approvals,legacy_unversioned_business
ai_agronomist,services/ai_agronomist/main.py,146,POST,/approvals/approve,approve_tool_request,legacy_unversioned_business
ai_agronomist,services/ai_agronomist/main.py,198,POST,/approvals/deny,deny_tool_request,legacy_unversioned_business
ai_agronomist,services/ai_agronomist/main.py,244,POST,/approvals/resume,resume_approved_tool,legacy_unversioned_business
ai_agronomist,services/ai_agronomist/main.py,288,POST,/prescription/export-preview,prescription_export_preview,legacy_unversioned_business
ai_agronomist,services/ai_agronomist/main.py,304,GET,/metrics,metrics,infra
ai_agronomist,services/ai_agronomist/main.py,323,GET,/readyz,readyz,infra
ai_agronomist,services/ai_agronomist/main.py,360,POST,/query,query,legacy_unversioned_business
ai_agronomist,services/ai_agronomist/main.py,371,POST,/chat,chat,legacy_unversioned_business
ai_agronomist,services/ai_agronomist/main.py,382,POST,/explain,explain,legacy_unversioned_business
ai_agronomist,services/ai_agronomist/main.py,393,POST,/recommend,recommend,legacy_unversioned_business
auth,services/auth/routers/email_verify.py,22,POST,/auth/verify/request,verify_request,legacy_unversioned_business
auth,services/auth/routers/email_verify.py,55,POST,/auth/verify/confirm,verify_confirm,legacy_unversioned_business
auth,services/auth/routers/email_verify.py,97,GET,/auth/verify,verify,legacy_unversioned_business
auth,services/auth/routers/email_verify.py,107,GET,/auth/verify/status,verify_status,legacy_unversioned_business
auth,services/auth/routers/invitations.py,25,POST,/auth/invitations,create_invitation,legacy_unversioned_business
auth,services/auth/routers/invitations.py,84,GET,/auth/invitations,list_invitations,legacy_unversioned_business
auth,services/auth/routers/invitations.py,115,POST,/auth/invitations/accept,accept_invitation,legacy_unversioned_business
auth,services/auth/routers/invitations.py,190,DELETE,/auth/invitations/{invitation_id},revoke_invitation,legacy_unversioned_business
auth,services/auth/routers/mfa.py,19,POST,/auth/mfa/setup,mfa_setup,legacy_unversioned_business
auth,services/auth/routers/mfa.py,66,POST,/auth/mfa/activate,mfa_activate,legacy_unversioned_business
auth,services/auth/routers/mfa.py,136,POST,/auth/mfa/disable,mfa_disable,legacy_unversioned_business
auth,services/auth/routers/ops.py,21,GET,/metrics,metrics,infra
auth,services/auth/routers/ops.py,27,GET,/healthz,health,infra
auth,services/auth/routers/ops.py,27,GET,/health,health,infra
auth,services/auth/routers/ops.py,32,GET,/readyz,readyz,infra
auth,services/auth/routers/password_reset.py,21,POST,/auth/password-reset/request,request_password_reset,legacy_unversioned_business
auth,services/auth/routers/password_reset.py,41,POST,/auth/password-reset/confirm,confirm_password_reset,legacy_unversioned_business
auth,services/auth/routers/registration.py,19,POST,/auth/register,register,legacy_unversioned_business
auth,services/auth/routers/registration.py,71,POST,/auth/change-password,change_password,legacy_unversioned_business
auth,services/auth/routers/session.py,24,POST,/auth/login,login,legacy_unversioned_business
auth,services/auth/routers/session.py,122,POST,/auth/refresh,refresh_token,legacy_unversioned_business
auth,services/auth/routers/session.py,161,POST,/auth/logout,logout,legacy_unversioned_business
auth,services/auth/routers/session.py,201,GET,/auth/me,me,legacy_unversioned_business
auth,services/auth/routers/tenants.py,40,POST,/auth/tenants,provision_tenant,legacy_unversioned_business
auth,services/auth/routers/users.py,22,GET,/auth/users,list_users,legacy_unversioned_business
auth,services/auth/routers/users.py,31,PATCH,/auth/users/{user_id}/role,change_role,legacy_unversioned_business
auth,services/auth/routers/users.py,73,PATCH,/auth/users/{user_id}/deactivate,deactivate_user,legacy_unversioned_business
decision-service,services/decision-service/main.py,150,GET,/healthz,healthz,infra
decision-service,services/decision-service/main.py,155,GET,/readyz,readyz,infra
decision-service,services/decision-service/main.py,169,GET,/v1/cutover/readiness,cutover_readiness,versioned
decision-service,services/decision-service/main.py,179,GET,/contract,contract,infra
decision-service,services/decision-service/main.py,212,POST,/v1/decisions/record,record_decision,versioned
decision-service,services/decision-service/main.py,238,POST,/v1/dispatch/decisions,record_dispatch,versioned
decision-service,services/decision-service/main.py,264,GET,/v1/dispatch/decisions,list_dispatch,versioned
decision-service,services/decision-service/main.py,278,POST,/v1/outcomes/record,record_outcome,versioned
decision-service,services/decision-service/main.py,304,POST,/v1/recommendation-outcomes,record_recommendation_outcome,versioned
decision-service,services/decision-service/main.py,329,POST,/v1/learning/updates,record_learning_update,versioned
decision-service,services/decision-service/main.py,360,GET,/v1/learning/summary,learning_summary,versioned
decision-service,services/decision-service/main.py,374,GET,/v1/decisions,list_decisions,versioned
decision-service,services/decision-service/main.py,403,GET,/v1/fields/{field_id}/lineage,field_lineage,versioned
decision-service,services/decision-service/main.py,419,GET,/v1/outcomes/reconciled,reconciled_outcomes,versioned
decision-service,services/decision-service/main.py,439,GET,/v1/decisions/{decision_id}/lineage,decision_lineage,versioned
edge-inference,services/edge-inference/main.py,168,GET,/healthz,health_check,infra
edge-inference,services/edge-inference/main.py,200,POST,/inference/pest-detect,detect_pest,legacy_unversioned_business
edge-inference,services/edge-inference/main.py,262,POST,/inference/yield-estimate,estimate_yield,legacy_unversioned_business
edge-inference,services/edge-inference/main.py,328,POST,/sync/trigger,trigger_sync,legacy_unversioned_business
edge-inference,services/edge-inference/main.py,360,GET,/capabilities,capabilities,infra
edge-inference,services/edge-inference/main.py,365,GET,/readyz,readyz,infra
field-segmentation,services/field-segmentation/main.py,370,GET,/healthz,healthz,infra
field-segmentation,services/field-segmentation/main.py,375,GET,/health,legacy_health,infra
field-segmentation,services/field-segmentation/main.py,380,GET,/readyz,readyz,infra
field-segmentation,services/field-segmentation/main.py,391,POST,/segment,segment,legacy_unversioned_business
guardrails-engine,services/guardrails-engine/routers/health.py,22,GET,/healthz,healthz,infra
guardrails-engine,services/guardrails-engine/routers/health.py,22,GET,/health,healthz,infra
guardrails-engine,services/guardrails-engine/routers/health.py,27,GET,/readyz,readyz,infra
guardrails-engine,services/guardrails-engine/routers/health.py,46,GET,/metrics,metrics_endpoint,infra
guardrails-engine,services/guardrails-engine/routers/validation.py,22,POST,/validate,validate_action,legacy_unversioned_business
guardrails-engine,services/guardrails-engine/routers/validation.py,36,POST,/approve/{workflow_id},approve_workflow,legacy_unversioned_business
guardrails-engine,services/guardrails-engine/routers/validation.py,56,GET,/workflow/{workflow_id},get_workflow,legacy_unversioned_business
indicators-service,services/indicators-service/main.py,27,GET,/healthz,healthz,infra
indicators-service,services/indicators-service/main.py,32,GET,/health,legacy_health,infra
indicators-service,services/indicators-service/main.py,37,GET,/readyz,ready,infra
indicators-service,services/indicators-service/main.py,50,GET,/capabilities,capabilities,infra
indicators-service,services/indicators-service/main.py,67,GET,/contract,contract,infra
indicators-service,services/indicators-service/main.py,79,POST,/v1/indicators/compute,compute_indicator,versioned
indicators-service,services/indicators-service/main.py,90,GET,/,root,infra
knowledge-graph,services/knowledge-graph/main.py,89,GET,/healthz,healthz,infra
knowledge-graph,services/knowledge-graph/main.py,94,GET,/metrics,metrics,infra
knowledge-graph,services/knowledge-graph/main.py,111,GET,/readyz,readyz,infra
knowledge-graph,services/knowledge-graph/main.py,120,POST,/nodes,upsert_node,legacy_unversioned_business
knowledge-graph,services/knowledge-graph/main.py,128,POST,/edges,upsert_edge,legacy_unversioned_business
knowledge-graph,services/knowledge-graph/main.py,137,GET,/edges,edges,legacy_unversioned_business
knowledge-graph,services/knowledge-graph/main.py,151,POST,/graphql,graphql,graphql_facade
local-ai-rag,services/local-ai-rag/main.py,420,POST,/query,query_endpoint,legacy_unversioned_business
local-ai-rag,services/local-ai-rag/main.py,430,POST,/ingest,ingest_endpoint,legacy_unversioned_business
local-ai-rag,services/local-ai-rag/main.py,482,GET,/healthz,healthz,infra
local-ai-rag,services/local-ai-rag/main.py,500,GET,/health,legacy_health,infra
local-ai-rag,services/local-ai-rag/main.py,505,GET,/readyz,readyz,infra
mcp_servers,services/mcp_servers/generic_context_server.py,122,GET,/healthz,healthz,infra
mcp_servers,services/mcp_servers/generic_context_server.py,127,GET,/readyz,readyz,infra
mcp_servers,services/mcp_servers/generic_context_server.py,134,GET,/mcp/v1/tools,list_tools,legacy_unversioned_business
mcp_servers,services/mcp_servers/generic_context_server.py,151,POST,/mcp/v1/tools/call,call_tool,legacy_unversioned_business
mcp_servers,services/mcp_servers/market_server.py,546,GET,/mcp/v1/tools/list,mcp_tools_list,legacy_unversioned_business
mcp_servers,services/mcp_servers/market_server.py,578,POST,/mcp/v1/tools/call,mcp_tools_call,legacy_unversioned_business
mcp_servers,services/mcp_servers/market_server.py,632,GET,/products,api_search_products,legacy_unversioned_business
mcp_servers,services/mcp_servers/market_server.py,644,GET,/suppliers/{supplier_id},api_get_supplier,legacy_unversioned_business
mcp_servers,services/mcp_servers/market_server.py,649,POST,/procurement,api_create_procurement,legacy_unversioned_business
mcp_servers,services/mcp_servers/market_server.py,655,GET,/procurement/{order_id},api_get_procurement,legacy_unversioned_business
mcp_servers,services/mcp_servers/market_server.py,662,POST,/sales,api_create_sales,legacy_unversioned_business
mcp_servers,services/mcp_servers/market_server.py,667,GET,/sales,api_search_sales,legacy_unversioned_business
mcp_servers,services/mcp_servers/market_server.py,684,GET,/price-history/{category},api_price_history,legacy_unversioned_business
mcp_servers,services/mcp_servers/market_server.py,691,GET,/analytics/{tenant_id},api_analytics,legacy_unversioned_business
mcp_servers,services/mcp_servers/market_server.py,698,GET,/healthz,health,infra
mcp_servers,services/mcp_servers/market_server.py,698,GET,/health,health,infra
mcp_servers,services/mcp_servers/market_server.py,715,GET,/readyz,readyz,infra
mcp_servers,services/mcp_servers/sentinel_hub_server.py,176,GET,/mcp/v1/tools,list_tools,legacy_unversioned_business
mcp_servers,services/mcp_servers/sentinel_hub_server.py,239,POST,/mcp/v1/tools/call,call_tool,legacy_unversioned_business
mcp_servers,services/mcp_servers/sentinel_hub_server.py,384,GET,/healthz,healthz,infra
mcp_servers,services/mcp_servers/sentinel_hub_server.py,384,GET,/health,healthz,infra
mcp_servers,services/mcp_servers/sentinel_hub_server.py,389,GET,/readyz,readyz,infra
mcp_servers,services/mcp_servers/weather_server.py,62,GET,/mcp/v1/tools,list_tools,legacy_unversioned_business
mcp_servers,services/mcp_servers/weather_server.py,125,POST,/mcp/v1/tools/call,call_tool,legacy_unversioned_business
mcp_servers,services/mcp_servers/weather_server.py,292,GET,/healthz,healthz,infra
mcp_servers,services/mcp_servers/weather_server.py,292,GET,/health,healthz,infra
mcp_servers,services/mcp_servers/weather_server.py,297,GET,/readyz,readyz,infra
mcp_servers,services/mcp_servers/wofost_server.py,51,GET,/mcp/v1/tools,list_tools,legacy_unversioned_business
mcp_servers,services/mcp_servers/wofost_server.py,114,POST,/mcp/v1/tools/call,call_tool,legacy_unversioned_business
mcp_servers,services/mcp_servers/wofost_server.py,283,GET,/healthz,healthz,infra
mcp_servers,services/mcp_servers/wofost_server.py,283,GET,/health,healthz,infra
mcp_servers,services/mcp_servers/wofost_server.py,288,GET,/readyz,readyz,infra
odoo-bridge,services/odoo-bridge/routers/catalog.py,17,GET,/erp/provider,erp_provider_status,legacy_unversioned_business
odoo-bridge,services/odoo-bridge/routers/catalog.py,33,GET,/config,get_config,legacy_unversioned_business
odoo-bridge,services/odoo-bridge/routers/catalog.py,50,GET,/logs,get_logs,legacy_unversioned_business
odoo-bridge,services/odoo-bridge/routers/catalog.py,71,GET,/products,list_erp_products,legacy_unversioned_business
odoo-bridge,services/odoo-bridge/routers/catalog.py,78,GET,/suppliers,list_erp_suppliers,legacy_unversioned_business
odoo-bridge,services/odoo-bridge/routers/health.py,20,GET,/healthz,health,infra
odoo-bridge,services/odoo-bridge/routers/health.py,20,GET,/health,health,infra
odoo-bridge,services/odoo-bridge/routers/health.py,32,GET,/readyz,readyz,infra
odoo-bridge,services/odoo-bridge/routers/sync.py,19,POST,/sync,trigger_sync,legacy_unversioned_business
odoo-bridge,services/odoo-bridge/routers/webhooks.py,21,POST,/webhook/odoo,odoo_webhook,legacy_unversioned_business
rag-retrieval,services/rag-retrieval/main.py,55,GET,/healthz,healthz,infra
rag-retrieval,services/rag-retrieval/main.py,60,GET,/metrics,metrics,infra
rag-retrieval,services/rag-retrieval/main.py,73,GET,/readyz,readyz,infra
rag-retrieval,services/rag-retrieval/main.py,90,POST,/ingest,ingest,legacy_unversioned_business
rag-retrieval,services/rag-retrieval/main.py,115,POST,/search,search,legacy_unversioned_business
raster-service,services/raster-service/routers/analysis.py,30,POST,/zones/classify,zones_classify,legacy_unversioned_business
raster-service,services/raster-service/routers/analysis.py,48,POST,/change/detect,change_detect,legacy_unversioned_business
raster-service,services/raster-service/routers/analysis.py,85,POST,/fvc/compute,fvc_compute,legacy_unversioned_business
raster-service,services/raster-service/routers/analysis.py,111,POST,/sar/rvi,sar_rvi_endpoint,legacy_unversioned_business
raster-service,services/raster-service/routers/analysis.py,135,POST,/terrain/slope,terrain_slope,legacy_unversioned_business
raster-service,services/raster-service/routers/analysis.py,153,GET,/cog/validate,cog_validate,legacy_unversioned_business
raster-service,services/raster-service/routers/analysis.py,168,POST,/salinity/classify,salinity_classify,legacy_unversioned_business
raster-service,services/raster-service/routers/analysis.py,175,POST,/salinity/calibrate,salinity_calibrate,legacy_unversioned_business
raster-service,services/raster-service/routers/cdse_tiles.py,42,GET,/v1/fields/{field_id}/cdse-tiles/{z}/{x}/{y}.png,field_cdse_tile,versioned
raster-service,services/raster-service/routers/cdse_tiles.py,117,GET,/v1/fields/{field_id}/cdse-thumbnail.png,field_cdse_thumbnail,versioned
raster-service,services/raster-service/routers/cdse_tiles.py,167,GET,/v1/fields/{field_id}/cdse-tilejson,field_cdse_tilejson,versioned
raster-service,services/raster-service/routers/fields.py,88,POST,/v1/fields/{field_id}/process-from-stac,process_from_stac,versioned
raster-service,services/raster-service/routers/fields.py,173,POST,/v1/fields/{field_id}/imagery/backfill,field_historical_backfill,versioned
raster-service,services/raster-service/routers/fields.py,555,GET,/v1/fields/{field_id}/imagery/backfill/{run_id},field_backfill_run_status,versioned
raster-service,services/raster-service/routers/fields.py,573,POST,/v1/fields/{field_id}/geometry/versions,create_field_geometry_version,versioned
raster-service,services/raster-service/routers/fields.py,602,POST,/v1/fields/analytics/geoparquet/export,export_field_analytics_geoparquet,versioned
raster-service,services/raster-service/routers/fields.py,654,POST,/v1/fields/{field_id}/process-cdse,process_cdse,versioned
raster-service,services/raster-service/routers/fields.py,704,GET,/v1/fields/{field_id}/indicator-grid,field_indicator_grid,versioned
raster-service,services/raster-service/routers/fields.py,738,GET,/v1/fields/{field_id}/pixel,field_pixel_value,versioned
raster-service,services/raster-service/routers/fields.py,817,POST,/v1/fields/{field_id}/prescription,field_prescription,versioned
raster-service,services/raster-service/routers/fields.py,864,POST,/v1/fields/{field_id}/change,field_change,versioned
raster-service,services/raster-service/routers/fields.py,921,GET,/v1/fields/{field_id}/timeseries,field_timeseries,versioned
raster-service,services/raster-service/routers/fields.py,1005,GET,/v1/fields/{field_id}/tiles/{z}/{x}/{y}.png,field_tile,versioned
raster-service,services/raster-service/routers/fields.py,1079,GET,/v1/fields/{field_id}/available-dates,field_available_dates,versioned
raster-service,services/raster-service/routers/fields.py,1192,GET,/v1/fields/{field_id}/terrain,field_terrain,versioned
raster-service,services/raster-service/routers/fields.py,1241,GET,/v1/fields/{field_id}/tilejson,field_tilejson,versioned
raster-service,services/raster-service/routers/imagery.py,22,GET,/v1/imagery/backfill/policy,historical_backfill_policy,versioned
raster-service,services/raster-service/routers/imagery.py,44,GET,/v1/imagery/quality/policy,imagery_quality_policy,versioned
raster-service,services/raster-service/routers/imagery.py,78,POST,/v1/imagery/scenes/rank,rank_imagery_scenes,versioned
raster-service,services/raster-service/routers/imagery.py,91,POST,/v1/imagery/mosaic/plan,imagery_mosaic_plan,versioned
raster-service,services/raster-service/routers/imagery.py,114,POST,/v1/scenes/quality-score,scene_quality_score,versioned
raster-service,services/raster-service/routers/imagery.py,130,POST,/v1/cog/registry/preview,cog_registry_preview,versioned
raster-service,services/raster-service/routers/imagery_search.py,24,GET,/imagery/search/recent,imagery_search_recent,legacy_unversioned_business
raster-service,services/raster-service/routers/imagery_search.py,43,GET,/imagery/search/season,imagery_search_season,legacy_unversioned_business
raster-service,services/raster-service/routers/imagery_search.py,65,GET,/imagery/best,imagery_best_scene,legacy_unversioned_business
raster-service,services/raster-service/routers/imagery_search.py,120,POST,/imagery/search,imagery_search,legacy_unversioned_business
raster-service,services/raster-service/routers/imagery_search.py,132,GET,/imagery/search/radar,imagery_search_radar,legacy_unversioned_business
raster-service,services/raster-service/routers/imagery_search.py,157,GET,/imagery/search/landsat,imagery_search_landsat,legacy_unversioned_business
raster-service,services/raster-service/routers/imagery_search.py,157,GET,/imagery/search/landsat-thermal,imagery_search_landsat,legacy_unversioned_business
raster-service,services/raster-service/routers/imagery_search.py,186,GET,/imagery/dem,imagery_dem,legacy_unversioned_business
raster-service,services/raster-service/routers/jobs.py,19,GET,/jobs/{job_id},job_status,legacy_unversioned_business
raster-service,services/raster-service/routers/jobs.py,37,GET,/jobs/{job_id}/result,job_result,legacy_unversioned_business
raster-service,services/raster-service/routers/observability.py,31,GET,/healthz,healthz,infra
raster-service,services/raster-service/routers/observability.py,36,GET,/metrics,metrics,infra
raster-service,services/raster-service/routers/observability.py,117,GET,/v1/tiles/observability,tile_observability,versioned
raster-service,services/raster-service/routers/observability.py,158,GET,/readyz,readyz,infra
raster-service,services/raster-service/routers/observability.py,179,GET,/v1/tile-cache/stats,tile_cache_stats,versioned
raster-service,services/raster-service/routers/observability.py,200,GET,/info/{layer_id},raster_info,legacy_unversioned_business
raster-service,services/raster-service/routers/observability.py,210,GET,/v1/providers/status,providers_status,versioned
raster-service,services/raster-service/routers/observability.py,240,GET,/indices,field_indices,legacy_unversioned_business
raster-service,services/raster-service/routers/processing.py,24,POST,/process,process_raster,legacy_unversioned_business
raster-service,services/raster-service/routers/processing.py,55,POST,/raw/process,process_raw_data,legacy_unversioned_business
raster-service,services/raster-service/routers/processing.py,74,POST,/process/batch,process_batch,legacy_unversioned_business
raster-service,services/raster-service/routers/soil_tiles.py,37,GET,/v1/soil/tiles/{prop}/{depth}/{z}/{x}/{y}.png,soil_tile,versioned
raster-service,services/raster-service/routers/soil_tiles.py,52,GET,/v1/soil/tilejson,soil_tilejson,versioned
raster-service,services/raster-service/routers/soil_tiles.py,100,GET,/v1/soil/properties,soil_properties,versioned
raster-service,services/raster-service/routers/soil_tiles.py,144,GET,/v1/fields/{field_id}/soil/summary,field_soil_summary,versioned
raster-service,services/raster-service/routers/soil_tiles.py,166,GET,/v1/fields/{field_id}/soil/sampling-zones.geojson,field_soil_sampling_zones,versioned
raster-service,services/raster-service/routers/soil_tiles.py,193,GET,/v1/fields/{field_id}/soil/sampling-plan,field_soil_sampling_plan,versioned
raster-service,services/raster-service/routers/stac.py,17,GET,/stac,stac_landing,legacy_unversioned_business
raster-service,services/raster-service/routers/stac.py,25,GET,/stac/collections,stac_collections,legacy_unversioned_business
raster-service,services/raster-service/routers/stac.py,33,POST,/stac/mosaicjson,stac_mosaicjson,legacy_unversioned_business
raster-service,services/raster-service/routers/storage.py,26,POST,/upload/raster,upload_raster,legacy_unversioned_business
raster-service,services/raster-service/routers/storage.py,43,POST,/upload/drone,upload_drone,legacy_unversioned_business
raster-service,services/raster-service/routers/storage.py,65,GET,/storage/stats,storage_stats,legacy_unversioned_business
raster-service,services/raster-service/routers/storage.py,74,POST,/storage/cleanup,storage_cleanup,legacy_unversioned_business
raster-service,services/raster-service/routers/storage.py,87,GET,/offline/packs,list_offline_packs,legacy_unversioned_business
raster-service,services/raster-service/routers/storage.py,115,GET,/offline/packs/{pack_name},download_offline_pack,legacy_unversioned_business
raster-service,services/raster-service/routers/terrain_tiles.py,45,GET,/v1/terrain/status,terrain_status,versioned
raster-service,services/raster-service/routers/terrain_tiles.py,63,GET,/v1/elevation/hillshade/{z}/{x}/{y}.png,hillshade_tile,versioned
raster-service,services/raster-service/routers/terrain_tiles.py,77,GET,/v1/slope/{z}/{x}/{y}.png,slope_tile,versioned
raster-service,services/raster-service/routers/terrain_tiles.py,91,GET,/v1/terrain/tilejson,terrain_tilejson,versioned
raster-service,services/raster-service/routers/terrain_tiles.py,146,GET,/v1/fields/{field_id}/contours.geojson,field_contours,versioned
raster-service,services/raster-service/routers/tiles.py,23,GET,/tiles/{layer_id}/{z}/{x}/{y}.png,get_tile,legacy_unversioned_business
raster-service,services/raster-service/routers/tiles.py,37,GET,/layers/{layer_id}/tilejson,layer_tilejson,legacy_unversioned_business
raster-service,services/raster-service/routers/timeseries_routes.py,24,GET,/imagery/timeseries,imagery_timeseries,legacy_unversioned_business
raster-service,services/raster-service/routers/timeseries_routes.py,77,POST,/imagery/timeseries/analyze,imagery_timeseries_analyze,legacy_unversioned_business
raster-service,services/raster-service/routers/timeseries_routes.py,92,POST,/imagery/timeseries/parallel,imagery_timeseries_parallel,legacy_unversioned_business
sahool-platform,services/sahool-platform/api/chat_proxy_reference.py,110,POST,/api/chat,chat,legacy_unversioned_business
sahool-platform,services/sahool-platform/api/phase10_continuous_learning.py,147,POST,/feature-schema,feature_schema,legacy_unversioned_business
sahool-platform,services/sahool-platform/api/phase10_continuous_learning.py,152,POST,/dataset,dataset,legacy_unversioned_business
sahool-platform,services/sahool-platform/api/phase10_continuous_learning.py,162,POST,/models/promote,model_promotion,legacy_unversioned_business
sahool-platform,services/sahool-platform/api/phase10_continuous_learning.py,172,POST,/online-update,online_update,legacy_unversioned_business
sahool-platform,services/sahool-platform/api/phase10_continuous_learning.py,182,POST,/experiments/evaluate,experiment_evaluation,legacy_unversioned_business
sahool-platform,services/sahool-platform/api/phase10_continuous_learning.py,192,POST,/scenario,scenario,legacy_unversioned_business
sahool-platform,services/sahool-platform/api/phase10_continuous_learning.py,197,POST,/cycle,learning_cycle,legacy_unversioned_business
sahool-platform,services/sahool-platform/api/phase10_continuous_learning.py,209,POST,/drift,drift,legacy_unversioned_business
sahool-platform,services/sahool-platform/api/phase10_continuous_learning.py,218,POST,/retraining/plan,retraining_plan,legacy_unversioned_business
sahool-platform,services/sahool-platform/api/phase10_continuous_learning.py,225,POST,/champion-challenger,champion_challenger,legacy_unversioned_business
sahool-platform,services/sahool-platform/api/phase10_continuous_learning.py,237,POST,/feature-store/register,feature_store_register,legacy_unversioned_business
sahool-platform,services/sahool-platform/api/phase10_continuous_learning.py,244,POST,/feature-store/offline-dataset,feature_store_offline_dataset,legacy_unversioned_business
sahool-platform,services/sahool-platform/api/phase10_continuous_learning.py,254,POST,/feature-store/online-materialization,feature_store_online_materialization,legacy_unversioned_business
sahool-platform,services/sahool-platform/api/phase10_continuous_learning.py,262,POST,/feature-store/point-in-time,feature_store_point_in_time,legacy_unversioned_business
sahool-platform,services/sahool-platform/api/phase10_continuous_learning.py,269,POST,/models/register,model_register,legacy_unversioned_business
sahool-platform,services/sahool-platform/api/phase10_continuous_learning.py,284,POST,/models/serving/promote,model_serving_promote,legacy_unversioned_business
sahool-platform,services/sahool-platform/api/phase10_continuous_learning.py,291,POST,/models/serving/rollback,model_serving_rollback,legacy_unversioned_business
sahool-platform,services/sahool-platform/api/phase10_continuous_learning.py,301,GET,/models/serving/{alias:path},model_serving_resolve,legacy_unversioned_business
sahool-platform,services/sahool-platform/api/phase11_federated_agents.py,115,POST,/context,context,legacy_unversioned_business
sahool-platform,services/sahool-platform/api/phase11_federated_agents.py,125,POST,/agents/propose,agents_propose,legacy_unversioned_business
sahool-platform,services/sahool-platform/api/phase11_federated_agents.py,132,POST,/consensus,consensus,legacy_unversioned_business
sahool-platform,services/sahool-platform/api/phase11_federated_agents.py,142,POST,/operation-plan,operation_plan,legacy_unversioned_business
sahool-platform,services/sahool-platform/api/phase11_federated_agents.py,152,POST,/experiments/shadow,shadow_experiment,legacy_unversioned_business
sahool-platform,services/sahool-platform/api/phase11_federated_agents.py,166,POST,/quality,quality,legacy_unversioned_business
sahool-platform,services/sahool-platform/api/phase11_federated_agents.py,171,POST,/cycle,cycle,legacy_unversioned_business
sahool-platform,services/sahool-platform/api/phase11_federated_agents.py,195,POST,/runtime/resolve,runtime_resolve,legacy_unversioned_business
sahool-platform,services/sahool-platform/api/phase11_federated_agents.py,206,POST,/runtime/authority-envelope,runtime_authority_envelope,legacy_unversioned_business
sahool-platform,services/sahool-platform/api/phase11_federated_agents.py,213,POST,/runtime/reputation/update,runtime_reputation_update,legacy_unversioned_business
sahool-platform,services/sahool-platform/api/phase11_federated_agents.py,224,POST,/runtime/event-envelope,runtime_event_envelope,legacy_unversioned_business
sahool-platform,services/sahool-platform/api/phase12_marketplace_ecosystem.py,133,POST,/plugins/validate,validate_plugin,legacy_unversioned_business
sahool-platform,services/sahool-platform/api/phase12_marketplace_ecosystem.py,137,POST,/marketplace/apps,create_marketplace_app,legacy_unversioned_business
sahool-platform,services/sahool-platform/api/phase12_marketplace_ecosystem.py,143,POST,/marketplace/installations,install_app,legacy_unversioned_business
sahool-platform,services/sahool-platform/api/phase12_marketplace_ecosystem.py,155,POST,/plugins/sandbox-policy,sandbox_policy,legacy_unversioned_business
sahool-platform,services/sahool-platform/api/phase12_marketplace_ecosystem.py,159,POST,/webhooks,create_webhook,legacy_unversioned_business
sahool-platform,services/sahool-platform/api/phase12_marketplace_ecosystem.py,167,POST,/webhooks/delivery-plan,webhook_delivery_plan,legacy_unversioned_business
sahool-platform,services/sahool-platform/api/phase12_marketplace_ecosystem.py,171,POST,/connectors/descriptor,connector_descriptor,legacy_unversioned_business
sahool-platform,services/sahool-platform/api/phase12_marketplace_ecosystem.py,185,GET,/sdk/manifest,sdk_manifest,legacy_unversioned_business
sahool-platform,services/sahool-platform/api/phase12_marketplace_ecosystem.py,189,GET,/graphql/schema,graphql_schema,legacy_unversioned_business
sahool-platform,services/sahool-platform/api/phase12_marketplace_ecosystem.py,193,GET,/developer-portal/index,developer_portal_index,legacy_unversioned_business
sahool-platform,services/sahool-platform/api/phase12_marketplace_ecosystem.py,197,POST,/usage,usage_record,legacy_unversioned_business
sahool-platform,services/sahool-platform/api/phase12_marketplace_ecosystem.py,207,POST,/quota/check,quota_check,legacy_unversioned_business
sahool-platform,services/sahool-platform/api/phase12_marketplace_ecosystem.py,211,POST,/plugins/runtime/plan,plugin_runtime_plan,legacy_unversioned_business
sahool-platform,services/sahool-platform/api/phase12_marketplace_ecosystem.py,222,POST,/plugins/runtime/validate-output,plugin_runtime_validate_output,legacy_unversioned_business
sahool-platform,services/sahool-platform/api/phase12_marketplace_ecosystem.py,226,POST,/plugins/runtime/event-envelope,plugin_runtime_event_envelope,legacy_unversioned_business
sahool-platform,services/sahool-platform/api/phase12_marketplace_ecosystem.py,235,POST,/plugins/runtime/report,plugin_runtime_report,legacy_unversioned_business
sahool-platform,services/sahool-platform/api/phase12_marketplace_ecosystem.py,239,POST,/cycle,ecosystem_cycle,legacy_unversioned_business
sahool-platform,services/sahool-platform/api/phase9_autonomous_farm_os.py,112,POST,/plan,create_execution_plan,legacy_unversioned_business
sahool-platform,services/sahool-platform/api/phase9_autonomous_farm_os.py,134,POST,/verify,verify_execution,legacy_unversioned_business
sahool-platform,services/sahool-platform/api/phase9_autonomous_farm_os.py,148,POST,/cycle,run_cycle,legacy_unversioned_business
sahool-platform,services/sahool-platform/api/phase9_autonomous_farm_os.py,175,POST,/models/register,register_model,legacy_unversioned_business
sahool-platform,services/sahool-platform/api/phase9_autonomous_farm_os.py,189,POST,/experiments/assign,assign_variant,legacy_unversioned_business
sahool-platform,services/sahool-platform/api/phase9_autonomous_farm_os.py,196,POST,/events/from-plan,events_from_plan,legacy_unversioned_business
sahool-platform,services/sahool-platform/api/phase9_autonomous_farm_os.py,202,POST,/events/replay,replay_events,legacy_unversioned_business
sahool-platform,services/sahool-platform/api/phase9_autonomous_farm_os.py,207,POST,/verify-loop,command_verification_loop,legacy_unversioned_business
sahool-platform,services/sahool-platform/api/phase9_autonomous_farm_os.py,217,POST,/iot/dispatch/preview,preview_iot_dispatch,legacy_unversioned_business
sahool-platform,services/sahool-platform/api/phase9_autonomous_farm_os.py,230,POST,/iot/dispatch/simulate,simulate_iot_dispatch,legacy_unversioned_business
sahool-platform,services/sahool-platform/api/phase9_autonomous_farm_os.py,251,POST,/iot/telemetry/verify,verify_iot_telemetry,legacy_unversioned_business
sahool-platform,services/sahool-platform/api/routers/admin.py,35,GET,/api/v1/admin/events/dead-letter,admin_events_dead_letter,legacy_unversioned_business
sahool-platform,services/sahool-platform/api/routers/admin.py,83,POST,/api/v1/admin/events/dead-letter/{outbox_id}/requeue,admin_requeue_dead_letter,legacy_unversioned_business
sahool-platform,services/sahool-platform/api/routers/admin.py,101,POST,/api/v1/admin/events/dead-letter/requeue-all,admin_requeue_all_dead_letter,legacy_unversioned_business
sahool-platform,services/sahool-platform/api/routers/admin.py,122,GET,/api/v1/admin/outbox/dead-letter,admin_outbox_dead_letter,legacy_unversioned_business
sahool-platform,services/sahool-platform/api/routers/admin.py,159,POST,/api/v1/admin/outbox/dead-letter/requeue,admin_outbox_requeue_dead_letter,legacy_unversioned_business
sahool-platform,services/sahool-platform/api/routers/agricultural_proverbs.py,22,GET,/api/v1/agricultural-proverbs/for-date,agricultural_proverbs_for_date,legacy_unversioned_business
sahool-platform,services/sahool-platform/api/routers/agricultural_proverbs.py,30,GET,/api/v1/agricultural-proverbs,agricultural_proverbs,legacy_unversioned_business
sahool-platform,services/sahool-platform/api/routers/agro_intelligence.py,154,POST,/api/v1/agro/crop-risk,crop_risk_endpoint,legacy_unversioned_business
sahool-platform,services/sahool-platform/api/routers/agro_intelligence.py,167,POST,/api/v1/agro/plant-soil-feedback,plant_soil_feedback_endpoint,legacy_unversioned_business
sahool-platform,services/sahool-platform/api/routers/agro_intelligence.py,175,POST,/api/v1/agro/plant-soil-feedback/trend,plant_soil_feedback_trend_endpoint,legacy_unversioned_business
sahool-platform,services/sahool-platform/api/routers/agro_intelligence.py,189,POST,/api/v1/agro/crop-rotation,crop_rotation_endpoint,legacy_unversioned_business
sahool-platform,services/sahool-platform/api/routers/agro_intelligence.py,206,POST,/api/v1/agro/season-comparison,season_comparison_endpoint,legacy_unversioned_business
sahool-platform,services/sahool-platform/api/routers/agro_intelligence.py,214,POST,/api/v1/agro/decision-playbook,decision_playbook_endpoint,legacy_unversioned_business
sahool-platform,services/sahool-platform/api/routers/agro_intelligence.py,303,POST,/api/v1/work-orders/from-recommendation,work_order_from_recommendation_endpoint,legacy_unversioned_business
sahool-platform,services/sahool-platform/api/routers/agro_zones.py,29,GET,/api/v1/agro-zones/list,agro_zones_list_endpoint,legacy_unversioned_business
sahool-platform,services/sahool-platform/api/routers/agro_zones.py,35,GET,/api/v1/agro-zones/profile,agro_zone_profile_endpoint,legacy_unversioned_business
sahool-platform,services/sahool-platform/api/routers/agro_zones.py,41,GET,/api/v1/agro-zones/identify,agro_zone_identify_endpoint,legacy_unversioned_business
sahool-platform,services/sahool-platform/api/routers/agro_zones.py,47,GET,/api/v1/agro-zones/suited-crops,agro_zone_suited_endpoint,legacy_unversioned_business
sahool-platform,services/sahool-platform/api/routers/agro_zones.py,53,GET,/api/v1/agro-zones/by-elevation,agro_zone_elevation_endpoint,legacy_unversioned_business
sahool-platform,services/sahool-platform/api/routers/agro_zones.py,61,GET,/api/v1/agro-zones/identify-smart,agro_zone_identify_smart_endpoint,legacy_unversioned_business
sahool-platform,services/sahool-platform/api/routers/agronomic_replay.py,54,GET,/api/v1/fields/{field_id}/agronomic-replay,agronomic_replay_endpoint,legacy_unversioned_business
sahool-platform,services/sahool-platform/api/routers/ai_models.py,21,GET,/api/v1/ai/models,list_ai_models,legacy_unversioned_business
sahool-platform,services/sahool-platform/api/routers/alerts.py,51,GET,/api/v1/alerts,list_alerts,legacy_unversioned_business
sahool-platform,services/sahool-platform/api/routers/alerts.py,98,POST,/api/v1/alerts,create_alert,legacy_unversioned_business
sahool-platform,services/sahool-platform/api/routers/alerts.py,205,PATCH,/api/v1/alerts/{alert_id}/acknowledge,acknowledge_alert,legacy_unversioned_business
sahool-platform,services/sahool-platform/api/routers/analytics.py,29,GET,/api/v1/analytics/costs,analytics_costs,legacy_unversioned_business
sahool-platform,services/sahool-platform/api/routers/analytics.py,57,GET,/api/v1/analytics/costs/by-field,analytics_costs_by_field,legacy_unversioned_business
sahool-platform,services/sahool-platform/api/routers/aromatic_crops.py,25,GET,/api/v1/aromatic-crops/list,aromatic_crops_list_endpoint,legacy_unversioned_business
sahool-platform,services/sahool-platform/api/routers/astronomical_timing.py,29,GET,/api/v1/astronomical-timing/stars,astronomical_stars,legacy_unversioned_business
sahool-platform,services/sahool-platform/api/routers/astronomical_timing.py,35,POST,/api/v1/astronomical-timing/cross-check,astronomical_cross_check,legacy_unversioned_business
sahool-platform,services/sahool-platform/api/routers/auth.py,47,POST,/api/v1/auth/login,login,legacy_unversioned_business
sahool-platform,services/sahool-platform/api/routers/auth.py,91,GET,/api/v1/auth/me,auth_me,legacy_unversioned_business
sahool-platform,services/sahool-platform/api/routers/auth.py,104,POST,/api/v1/auth/logout,auth_logout,legacy_unversioned_business
sahool-platform,services/sahool-platform/api/routers/auth.py,132,POST,/api/v1/auth/signup,auth_signup,legacy_unversioned_business
sahool-platform,services/sahool-platform/api/routers/automation.py,42,GET,/api/v1/automation/scheduler-status,scheduler_status_endpoint,legacy_unversioned_business
sahool-platform,services/sahool-platform/api/routers/automation.py,57,GET,/api/v1/automation/runs,automation_runs_endpoint,legacy_unversioned_business
sahool-platform,services/sahool-platform/api/routers/automation.py,76,POST,/api/v1/automation/weather/register,weather_register_endpoint,legacy_unversioned_business
sahool-platform,services/sahool-platform/api/routers/automation.py,99,GET,/api/v1/automation/weather/cached,weather_cached_endpoint,legacy_unversioned_business
sahool-platform,services/sahool-platform/api/routers/automation.py,118,GET,/api/v1/automation/weather/status,weather_automation_status_endpoint,legacy_unversioned_business
sahool-platform,services/sahool-platform/api/routers/automation.py,126,POST,/api/v1/automation/imagery/register-field,imagery_register_field_endpoint,legacy_unversioned_business
sahool-platform,services/sahool-platform/api/routers/automation.py,152,GET,/api/v1/automation/imagery/status,imagery_automation_status_endpoint,legacy_unversioned_business
sahool-platform,services/sahool-platform/api/routers/automation.py,164,POST,/api/v1/automation/alerts/run,automation_run_alerts_endpoint,legacy_unversioned_business
sahool-platform,services/sahool-platform/api/routers/boundaries.py,36,PATCH,/api/v1/fields/{field_id}/boundary/review,review_field_boundary,legacy_unversioned_business
sahool-platform,services/sahool-platform/api/routers/boundaries.py,79,POST,/api/v1/fields/{field_id}/boundary/score,score_field_boundary,legacy_unversioned_business
sahool-platform,services/sahool-platform/api/routers/boundaries.py,181,POST,/api/v1/fields/{field_id}/boundary/clean,clean_field_boundary,legacy_unversioned_business
sahool-platform,services/sahool-platform/api/routers/boundaries.py,244,POST,/api/v1/fields/boundary-graph/rebuild,rebuild_boundary_graph,legacy_unversioned_business
sahool-platform,services/sahool-platform/api/routers/boundaries.py,265,GET,/api/v1/fields/{field_id}/boundary-graph,get_field_boundary_graph,legacy_unversioned_business
sahool-platform,services/sahool-platform/api/routers/break_glass.py,141,POST,/api/v1/admin/break-glass,request_break_glass,legacy_unversioned_business
sahool-platform,services/sahool-platform/api/routers/break_glass.py,318,GET,/api/v1/admin/break-glass/{token}/fields,break_glass_read_fields,legacy_unversioned_business
sahool-platform,services/sahool-platform/api/routers/break_glass.py,358,DELETE,/api/v1/admin/break-glass/{grant_id},revoke_break_glass,legacy_unversioned_business
sahool-platform,services/sahool-platform/api/routers/calendars.py,21,GET,/api/v1/calendars/today,calendars_today,legacy_unversioned_business
sahool-platform,services/sahool-platform/api/routers/calendars.py,53,GET,/api/v1/calendars/lunar-mansions,calendars_lunar_mansions,legacy_unversioned_business
sahool-platform,services/sahool-platform/api/routers/calendars.py,61,GET,/api/v1/calendars/himyarite-months,calendars_himyarite_months,legacy_unversioned_business
sahool-platform,services/sahool-platform/api/routers/calendars.py,69,GET,/api/v1/calendars/regional-profiles,calendars_regional_profiles,legacy_unversioned_business
sahool-platform,services/sahool-platform/api/routers/calendars.py,77,GET,/api/v1/calendars/context,calendars_context,legacy_unversioned_business
sahool-platform,services/sahool-platform/api/routers/calibration.py,95,GET,/api/v1/calibration,list_calibration,legacy_unversioned_business
sahool-platform,services/sahool-platform/api/routers/calibration.py,106,GET,/api/v1/calibration/{region},get_region_calibration,legacy_unversioned_business
sahool-platform,services/sahool-platform/api/routers/calibration.py,124,POST,/api/v1/calibration/{region}/evidence,compute_region_evidence,legacy_unversioned_business
sahool-platform,services/sahool-platform/api/routers/calibration.py,144,GET,/api/v1/calibration/{region}/evidence/persisted,get_persisted_region_evidence,legacy_unversioned_business
sahool-platform,services/sahool-platform/api/routers/calibration.py,196,POST,/api/v1/calibration/feedback,compute_learning_feedback,legacy_unversioned_business
sahool-platform,services/sahool-platform/api/routers/calibration.py,214,POST,/api/v1/calibration/{region}/adapt,propose_region_adaptation,legacy_unversioned_business
sahool-platform,services/sahool-platform/api/routers/calibration.py,247,POST,/api/v1/calibration/{region}/adapt-from-evidence,propose_region_adaptation_from_evidence,legacy_unversioned_business
sahool-platform,services/sahool-platform/api/routers/calibration.py,302,POST,/api/v1/calibration/{region}/adapt-from-evidence/apply,apply_region_adaptation_from_evidence,legacy_unversioned_business
sahool-platform,services/sahool-platform/api/routers/calibration.py,420,POST,/api/v1/calibration/{region}/propose-values,propose_region_values,legacy_unversioned_business
sahool-platform,services/sahool-platform/api/routers/calibration.py,443,POST,/api/v1/calibration/{region}/override,set_region_override,legacy_unversioned_business
sahool-platform,services/sahool-platform/api/routers/calibration.py,509,GET,/api/v1/calibration/{region}/resolved,get_resolved_region_calibration,legacy_unversioned_business
sahool-platform,services/sahool-platform/api/routers/calibration.py,538,GET,/api/v1/calibration/overrides/all,list_region_overrides,legacy_unversioned_business
sahool-platform,services/sahool-platform/api/routers/calibration.py,571,DELETE,/api/v1/calibration/{region}/override,delete_region_override,legacy_unversioned_business
sahool-platform,services/sahool-platform/api/routers/calibration.py,617,GET,/api/v1/calibration/{region}/audit,get_region_calibration_audit,legacy_unversioned_business
sahool-platform,services/sahool-platform/api/routers/cameras.py,37,POST,/api/v1/cameras/register,cameras_register,legacy_unversioned_business
sahool-platform,services/sahool-platform/api/routers/cameras.py,58,POST,/api/v1/cameras/snapshot-evidence,cameras_snapshot_evidence,legacy_unversioned_business
sahool-platform,services/sahool-platform/api/routers/capabilities.py,22,GET,/api/v1/capabilities,list_capabilities,legacy_unversioned_business
sahool-platform,services/sahool-platform/api/routers/chemical_safety.py,31,POST,/api/v1/chemical-safety/check,chemical_safety_check,legacy_unversioned_business
sahool-platform,services/sahool-platform/api/routers/chemical_safety.py,40,GET,/api/v1/chemical-safety/banned,chemical_safety_banned,legacy_unversioned_business
sahool-platform,services/sahool-platform/api/routers/climate_analogs.py,28,GET,/api/v1/climate-analogs/list,climate_analogs_list_endpoint,legacy_unversioned_business
sahool-platform,services/sahool-platform/api/routers/climate_analogs.py,34,GET,/api/v1/climate-analogs/detail,climate_analogs_detail_endpoint,legacy_unversioned_business
sahool-platform,services/sahool-platform/api/routers/climate_analogs.py,40,GET,/api/v1/climate-analogs/desert-crops,climate_analogs_crops_endpoint,legacy_unversioned_business
sahool-platform,services/sahool-platform/api/routers/climate_analogs.py,46,GET,/api/v1/climate-analogs/strategic-tiers,climate_analogs_strategic_endpoint,legacy_unversioned_business
sahool-platform,services/sahool-platform/api/routers/climate_analogs.py,54,GET,/api/v1/climate-analogs/strategy,climate_analogs_strategy_endpoint,legacy_unversioned_business
sahool-platform,services/sahool-platform/api/routers/coffee.py,34,GET,/api/v1/coffee/site-suitability,coffee_site_endpoint,legacy_unversioned_business
sahool-platform,services/sahool-platform/api/routers/coffee.py,40,GET,/api/v1/coffee/guide,coffee_guide_endpoint,legacy_unversioned_business
sahool-platform,services/sahool-platform/api/routers/coffee.py,46,GET,/api/v1/coffee/varieties,coffee_varieties_endpoint,legacy_unversioned_business
sahool-platform,services/sahool-platform/api/routers/coffee.py,52,GET,/api/v1/coffee/pests,coffee_pests_endpoint,legacy_unversioned_business
sahool-platform,services/sahool-platform/api/routers/commands.py,31,GET,/api/v1/commands/{command_id},get_command,legacy_unversioned_business
sahool-platform,services/sahool-platform/api/routers/compat_gateway.py,31,GET,/api/indicators/readyz,indicators_readyz_alias,legacy_unversioned_business
sahool-platform,services/sahool-platform/api/routers/compat_gateway.py,37,GET,/api/weather/readyz,weather_readyz_alias,legacy_unversioned_business
sahool-platform,services/sahool-platform/api/routers/compat_gateway.py,43,GET,/api/vegetation/readyz,vegetation_readyz_alias,legacy_unversioned_business
sahool-platform,services/sahool-platform/api/routers/compat_gateway.py,48,GET,/api/agent/health,agent_health_alias,legacy_unversioned_business
sahool-platform,services/sahool-platform/api/routers/compat_gateway.py,53,GET,/api/vegetation/v1/all_fields,vegetation_all_fields_passthrough,legacy_unversioned_business
sahool-platform,services/sahool-platform/api/routers/compat_gateway.py,80,GET,/api/vegetation/v1/analyze,vegetation_analyze_passthrough,legacy_unversioned_business
sahool-platform,services/sahool-platform/api/routers/compat_gateway.py,114,GET,/api/raster/{path:path},raster_api_passthrough,legacy_unversioned_business
sahool-platform,services/sahool-platform/api/routers/confidence.py,35,POST,/api/v1/confidence/ndvi,ndvi_confidence,legacy_unversioned_business
sahool-platform,services/sahool-platform/api/routers/confidence.py,54,POST,/api/v1/confidence/irrigation,irrigation_rec_confidence,legacy_unversioned_business
sahool-platform,services/sahool-platform/api/routers/confidence_gate.py,27,POST,/api/v1/confidence-gate,confidence_gate,legacy_unversioned_business
sahool-platform,services/sahool-platform/api/routers/consistency.py,35,GET,/api/v1/consistency/irrigation,consistency_irrigation_endpoint,legacy_unversioned_business
sahool-platform,services/sahool-platform/api/routers/consistency.py,57,GET,/api/v1/consistency/freshness,consistency_freshness_endpoint,legacy_unversioned_business
sahool-platform,services/sahool-platform/api/routers/crop_cards.py,33,GET,/api/v1/crop-cards,crop_cards_index,legacy_unversioned_business
sahool-platform,services/sahool-platform/api/routers/crop_cards.py,58,GET,/api/v1/crop-cards/crop/{crop_id},crop_card_detail,legacy_unversioned_business
sahool-platform,services/sahool-platform/api/routers/crop_cards.py,70,GET,/api/v1/crop-cards/variety/{variety_id},variety_card_detail,legacy_unversioned_business
sahool-platform,services/sahool-platform/api/routers/crop_cards.py,83,GET,/api/v1/crop-cards/variety/{variety_id}/salinity-suitability,variety_salinity_suitability,legacy_unversioned_business
sahool-platform,services/sahool-platform/api/routers/crop_cards.py,96,GET,/api/v1/crop-cards/variety/{variety_id}/expected-harvest,variety_expected_harvest,legacy_unversioned_business
sahool-platform,services/sahool-platform/api/routers/crop_cards.py,113,GET,/api/v1/crop-cards/variety/{variety_id}/disease-watch,variety_disease_watch_endpoint,legacy_unversioned_business
sahool-platform,services/sahool-platform/api/routers/crop_operations.py,24,GET,/api/v1/crops/{crop_id}/operations-calendar,crop_operations_calendar_endpoint,legacy_unversioned_business
sahool-platform,services/sahool-platform/api/routers/crop_suitability.py,31,POST,/api/v1/crop-suitability,crop_suitability,legacy_unversioned_business
sahool-platform,services/sahool-platform/api/routers/crop_twin.py,138,POST,/api/v1/crop-twin/compose,compose_crop_twin,legacy_unversioned_business
sahool-platform,services/sahool-platform/api/routers/crop_twin.py,227,POST,/api/v1/crop-twin/decision,crop_decision_endpoint,legacy_unversioned_business
sahool-platform,services/sahool-platform/api/routers/crop_twin.py,354,POST,/api/v1/crop-twin/decision/profit-aware,profit_aware_decision_endpoint,legacy_unversioned_business
sahool-platform,services/sahool-platform/api/routers/crops.py,26,GET,/api/v1/crops/drought-resilience,crop_drought_resilience,legacy_unversioned_business
sahool-platform,services/sahool-platform/api/routers/crops.py,47,GET,/api/v1/crops/compare-drought-resilience,compare_drought_resilience,legacy_unversioned_business
sahool-platform,services/sahool-platform/api/routers/cultural_calendar.py,24,GET,/api/v1/cultural-calendar,cultural_calendar,legacy_unversioned_business
sahool-platform,services/sahool-platform/api/routers/data_readiness.py,30,POST,/api/v1/data-readiness,data_readiness,legacy_unversioned_business
sahool-platform,services/sahool-platform/api/routers/decision.py,33,GET,/api/v1/decision/for-location,decision_for_location_endpoint,legacy_unversioned_business
sahool-platform,services/sahool-platform/api/routers/decision.py,48,GET,/api/v1/decision/explain,decision_explain_endpoint,legacy_unversioned_business
sahool-platform,services/sahool-platform/api/routers/decision_confidence.py,74,GET,/api/v1/fields/{field_id}/decision-confidence,decision_confidence_endpoint,legacy_unversioned_business
sahool-platform,services/sahool-platform/api/routers/decision_dispatch.py,125,POST,/api/v1/decision/unified,unified_decision_endpoint,legacy_unversioned_business
sahool-platform,services/sahool-platform/api/routers/decision_dispatch.py,194,POST,/api/v1/decision/dispatch/evaluate,evaluate_dispatch_endpoint,legacy_unversioned_business
sahool-platform,services/sahool-platform/api/routers/decision_dispatch.py,243,POST,/api/v1/decision/dispatch/execute,execute_dispatch_endpoint,legacy_unversioned_business
sahool-platform,services/sahool-platform/api/routers/decision_dispatch.py,426,POST,/api/v1/decision/dispatch/consume,consume_dispatch_queue,legacy_unversioned_business
sahool-platform,services/sahool-platform/api/routers/decision_dispatch.py,473,GET,/api/v1/decision/dispatch/decisions,list_dispatch_decisions,legacy_unversioned_business
sahool-platform,services/sahool-platform/api/routers/decision_dispatch.py,505,GET,/api/v1/decision/dispatch/queue,list_dispatch_queue,legacy_unversioned_business
sahool-platform,services/sahool-platform/api/routers/decision_dispatch.py,561,POST,/api/v1/decision/ledger,record_execution_outcome,legacy_unversioned_business
sahool-platform,services/sahool-platform/api/routers/decision_dispatch.py,656,GET,/api/v1/decision/ledger,list_execution_ledger,legacy_unversioned_business
sahool-platform,services/sahool-platform/api/routers/decision_explain.py,63,GET,/api/v1/decision/{decision_id}/explain,explain_decision_endpoint,legacy_unversioned_business
sahool-platform,services/sahool-platform/api/routers/decision_impact.py,103,GET,/api/v1/decision/impact,get_impact,legacy_unversioned_business
sahool-platform,services/sahool-platform/api/routers/decision_impact.py,119,GET,/api/v1/decision/learning,get_learning,legacy_unversioned_business
sahool-platform,services/sahool-platform/api/routers/decision_impact.py,142,GET,/api/v1/decision/economics,get_decision_economics,legacy_unversioned_business
sahool-platform,services/sahool-platform/api/routers/decision_policies.py,82,POST,/api/v1/decision/policies,create_policy,legacy_unversioned_business
sahool-platform,services/sahool-platform/api/routers/decision_policies.py,113,GET,/api/v1/decision/policies,list_policies,legacy_unversioned_business
sahool-platform,services/sahool-platform/api/routers/decision_policies.py,148,POST,/api/v1/decision/policies/resolve,resolve_policy_endpoint,legacy_unversioned_business
sahool-platform,services/sahool-platform/api/routers/decision_record.py,325,POST,/api/v1/decision/record,record_decision,legacy_unversioned_business
sahool-platform,services/sahool-platform/api/routers/decision_record.py,427,POST,/api/v1/outcome/record,record_outcome,legacy_unversioned_business
sahool-platform,services/sahool-platform/api/routers/decision_record.py,533,GET,/api/v1/decision/{decision_id}/lineage,get_decision_lineage,legacy_unversioned_business
sahool-platform,services/sahool-platform/api/routers/decision_record.py,573,GET,/api/v1/decision/records,list_decision_records,legacy_unversioned_business
sahool-platform,services/sahool-platform/api/routers/decision_record.py,624,GET,/api/v1/field/{field_id}/lineage,get_field_lineage,legacy_unversioned_business
sahool-platform,services/sahool-platform/api/routers/device_twin.py,79,GET,/api/v1/devices/twin,device_twin_endpoint,legacy_unversioned_business
sahool-platform,services/sahool-platform/api/routers/devices.py,42,POST,/api/v1/devices,register_device,legacy_unversioned_business
sahool-platform,services/sahool-platform/api/routers/devices.py,97,GET,/api/v1/devices,list_devices,legacy_unversioned_business
sahool-platform,services/sahool-platform/api/routers/devices.py,123,POST,/api/v1/devices/{device_id}/telemetry,ingest_telemetry,legacy_unversioned_business
sahool-platform,services/sahool-platform/api/routers/devices.py,167,GET,/api/v1/devices/{device_id}/telemetry,list_telemetry,legacy_unversioned_business
sahool-platform,services/sahool-platform/api/routers/devices.py,192,GET,/api/v1/devices/fleet-health,devices_fleet_health,legacy_unversioned_business
sahool-platform,services/sahool-platform/api/routers/diagnose.py,32,POST,/api/v1/diagnose,diagnose_symptoms,legacy_unversioned_business
sahool-platform,services/sahool-platform/api/routers/diagnose.py,91,GET,/api/v1/diagnose/symptoms,diagnosis_symptom_catalog,legacy_unversioned_business
sahool-platform,services/sahool-platform/api/routers/districts.py,25,GET,/api/v1/districts,districts_index,legacy_unversioned_business
sahool-platform,services/sahool-platform/api/routers/districts.py,48,GET,/api/v1/districts/{district_id},district_detail,legacy_unversioned_business
sahool-platform,services/sahool-platform/api/routers/districts.py,60,GET,/api/v1/districts/{district_id}/active-pests,district_active_pests,legacy_unversioned_business
sahool-platform,services/sahool-platform/api/routers/documents.py,36,POST,/api/v1/documents,register_document,legacy_unversioned_business
sahool-platform,services/sahool-platform/api/routers/documents.py,88,GET,/api/v1/documents,list_documents,legacy_unversioned_business
sahool-platform,services/sahool-platform/api/routers/documents.py,127,GET,/api/v1/documents/{doc_id},get_document,legacy_unversioned_business
sahool-platform,services/sahool-platform/api/routers/drawing_features.py,413,GET,/api/v1/fields/{field_id}/drawing-features,list_field_drawing_features,legacy_unversioned_business
sahool-platform,services/sahool-platform/api/routers/drawing_features.py,445,POST,/api/v1/drawing-features/validate,validate_drawing_feature_topology,legacy_unversioned_business
sahool-platform,services/sahool-platform/api/routers/drawing_features.py,468,POST,/api/v1/drawing-features,create_drawing_feature,legacy_unversioned_business
sahool-platform,services/sahool-platform/api/routers/drawing_features.py,536,PATCH,/api/v1/drawing-features/{feature_id},update_drawing_feature,legacy_unversioned_business
sahool-platform,services/sahool-platform/api/routers/drawing_features.py,636,DELETE,/api/v1/drawing-features/{feature_id},delete_drawing_feature,legacy_unversioned_business
sahool-platform,services/sahool-platform/api/routers/economics.py,26,GET,/api/v1/economics/cost-categories,economics_categories_endpoint,legacy_unversioned_business
sahool-platform,services/sahool-platform/api/routers/economics.py,32,POST,/api/v1/economics/feasibility,economics_feasibility_endpoint,legacy_unversioned_business
sahool-platform,services/sahool-platform/api/routers/economics.py,46,GET,/api/v1/economics/break-even,economics_break_even_endpoint,legacy_unversioned_business
sahool-platform,services/sahool-platform/api/routers/edge.py,25,POST,/api/v1/edge/sync,edge_sync_receive,legacy_unversioned_business
sahool-platform,services/sahool-platform/api/routers/edge.py,25,POST,/v1/edge/sync,edge_sync_receive,versioned
sahool-platform,services/sahool-platform/api/routers/equipment.py,38,POST,/api/v1/equipment,create_equipment,legacy_unversioned_business
sahool-platform,services/sahool-platform/api/routers/equipment.py,93,GET,/api/v1/equipment,list_equipment,legacy_unversioned_business
sahool-platform,services/sahool-platform/api/routers/equipment.py,113,POST,/api/v1/equipment/{equipment_id}/maintenance,log_maintenance,legacy_unversioned_business
sahool-platform,services/sahool-platform/api/routers/equipment.py,179,GET,/api/v1/equipment/{equipment_id}/maintenance,list_maintenance,legacy_unversioned_business
sahool-platform,services/sahool-platform/api/routers/escalation.py,23,POST,/api/v1/escalation/assess,escalation_assess,legacy_unversioned_business
sahool-platform,services/sahool-platform/api/routers/etc_dual.py,227,POST,/api/v1/fields/{field_id}/etc-dual,field_etc_dual,legacy_unversioned_business
sahool-platform,services/sahool-platform/api/routers/events.py,32,GET,/api/v1/events/{entity_type}/{entity_id},entity_events,legacy_unversioned_business
sahool-platform,services/sahool-platform/api/routers/evidence.py,26,POST,/api/v1/evidence/corroborate,evidence_corroborate,legacy_unversioned_business
sahool-platform,services/sahool-platform/api/routers/evidence_map.py,87,GET,/api/v1/evidence/map,evidence_map_endpoint,legacy_unversioned_business
sahool-platform,services/sahool-platform/api/routers/execution_feedback.py,50,GET,/api/v1/execution/feedback,execution_feedback_endpoint,legacy_unversioned_business
sahool-platform,services/sahool-platform/api/routers/execution_lineage.py,61,POST,/api/v1/lineage/link,link_lineage_ref,legacy_unversioned_business
sahool-platform,services/sahool-platform/api/routers/execution_lineage.py,121,GET,/api/v1/lineage/{lineage_id},get_lineage_chain,legacy_unversioned_business
sahool-platform,services/sahool-platform/api/routers/failures.py,30,POST,/api/v1/failures/check,check_failures,legacy_unversioned_business
sahool-platform,services/sahool-platform/api/routers/farm_operations_ledger.py,211,POST,/api/v1/farm-ledger/operations,create_operation_ledger_record,legacy_unversioned_business
sahool-platform,services/sahool-platform/api/routers/farm_operations_ledger.py,354,GET,/api/v1/farm-ledger/operations,list_operation_ledger_records,legacy_unversioned_business
sahool-platform,services/sahool-platform/api/routers/farm_operations_ledger.py,402,GET,/api/v1/farm-ledger/summary,farm_ledger_summary,legacy_unversioned_business
sahool-platform,services/sahool-platform/api/routers/farm_operations_ledger.py,528,POST,/api/v1/farm-ledger/budgets,upsert_season_budget_lines,legacy_unversioned_business
sahool-platform,services/sahool-platform/api/routers/farm_operations_ledger.py,609,GET,/api/v1/farm-ledger/budgets/{season_id},get_season_budget,legacy_unversioned_business
sahool-platform,services/sahool-platform/api/routers/farm_operations_ledger.py,637,POST,/api/v1/farm-ledger/revenues,create_revenue_record,legacy_unversioned_business
sahool-platform,services/sahool-platform/api/routers/farm_operations_ledger.py,729,GET,/api/v1/farm-ledger/variance/{season_id},get_budget_variance,legacy_unversioned_business
sahool-platform,services/sahool-platform/api/routers/farm_operations_ledger.py,757,GET,/api/v1/farm-ledger/profitability/{season_id},get_season_profitability,legacy_unversioned_business
sahool-platform,services/sahool-platform/api/routers/farm_operations_ledger.py,792,GET,/api/v1/farm-ledger/erp-projection/{season_id},get_erp_projection,legacy_unversioned_business
sahool-platform,services/sahool-platform/api/routers/farm_operations_ledger.py,864,POST,/api/v1/farm-ledger/autowrite-preview,operation_autowrite_preview,legacy_unversioned_business
sahool-platform,services/sahool-platform/api/routers/farm_operations_ledger.py,912,GET,/api/v1/farm-ledger/inventory-projection/{season_id},get_inventory_projection,legacy_unversioned_business
sahool-platform,services/sahool-platform/api/routers/farm_operations_ledger.py,1003,GET,/api/v1/farm-ledger/economic-state/{season_id},get_economic_state,legacy_unversioned_business
sahool-platform,services/sahool-platform/api/routers/farms.py,36,POST,/api/v1/farms,create_farm,legacy_unversioned_business
sahool-platform,services/sahool-platform/api/routers/farms.py,105,GET,/api/v1/farms,list_farms,legacy_unversioned_business
sahool-platform,services/sahool-platform/api/routers/farms.py,140,GET,/api/v1/farms/{farm_id}/fields,list_farm_fields,legacy_unversioned_business
sahool-platform,services/sahool-platform/api/routers/features.py,60,GET,/api/v1/features,get_features,legacy_unversioned_business
sahool-platform,services/sahool-platform/api/routers/field_ai_context.py,702,GET,/api/v1/fields/{field_id}/ai-context-pack,field_ai_context_pack,legacy_unversioned_business
sahool-platform,services/sahool-platform/api/routers/field_completeness.py,56,GET,/api/v1/fields/{field_id}/data-completeness,field_data_completeness,legacy_unversioned_business
sahool-platform,services/sahool-platform/api/routers/field_intelligence.py,469,POST,/api/v1/field-intelligence/analyze,field_intelligence_analyze,legacy_unversioned_business
sahool-platform,services/sahool-platform/api/routers/field_intelligence.py,516,GET,/api/v1/field-intelligence/analyze/jobs/{job_id},field_intelligence_analyze_job_status,legacy_unversioned_business
sahool-platform,services/sahool-platform/api/routers/field_intelligence.py,526,POST,/api/v1/field-intelligence/analyze/jobs/{job_id}/cancel,field_intelligence_analyze_job_cancel,legacy_unversioned_business
sahool-platform,services/sahool-platform/api/routers/field_intelligence.py,539,GET,/api/v1/fields/{field_id}/evidence-graph/latest,field_evidence_graph_latest,legacy_unversioned_business
sahool-platform,services/sahool-platform/api/routers/field_intelligence.py,571,GET,/api/v1/fields/{field_id}/evidence-graph/timeline,field_evidence_graph_timeline,legacy_unversioned_business
sahool-platform,services/sahool-platform/api/routers/field_intelligence.py,605,GET,/api/v1/evidence-graph/analytics,evidence_graph_analytics,legacy_unversioned_business
sahool-platform,services/sahool-platform/api/routers/field_intelligence.py,638,GET,/api/v1/fields/{field_id}/evidence-graph/nodes,field_evidence_graph_nodes,legacy_unversioned_business
sahool-platform,services/sahool-platform/api/routers/field_portfolio.py,35,POST,/api/v1/field-portfolio/optimize,optimize_portfolio,legacy_unversioned_business
sahool-platform,services/sahool-platform/api/routers/field_portfolio.py,76,POST,/api/v1/field-portfolio/allocate,allocate_portfolio_endpoint,legacy_unversioned_business
sahool-platform,services/sahool-platform/api/routers/field_priority_queue.py,117,GET,/api/v1/fields/{field_id}/priority-queue,field_priority_queue,legacy_unversioned_business
sahool-platform,services/sahool-platform/api/routers/field_priority_queue.py,179,GET,/api/v1/farms/{farm_id}/priority-queue,farm_priority_queue,legacy_unversioned_business
sahool-platform,services/sahool-platform/api/routers/field_readiness.py,56,GET,/api/v1/fields/{field_id}/readiness,field_readiness,legacy_unversioned_business
sahool-platform,services/sahool-platform/api/routers/field_single.py,23,GET,/api/v1/field/operational-state,field_operational_state_endpoint,legacy_unversioned_business
sahool-platform,services/sahool-platform/api/routers/field_twin.py,39,GET,/api/v1/fields/{field_id}/twin,get_field_twin,legacy_unversioned_business
sahool-platform,services/sahool-platform/api/routers/field_workspace_imagery.py,41,GET,/api/v1/fields/{field_id}/available-dates,field_imagery_available_dates_facade,legacy_unversioned_business
sahool-platform,services/sahool-platform/api/routers/field_workspace_imagery.py,73,GET,/api/v1/fields/{field_id}/imagery/timeline,field_imagery_timeline_facade,legacy_unversioned_business
sahool-platform,services/sahool-platform/api/routers/field_workspace_timeline.py,32,GET,/api/v1/fields/{field_id}/unified-timeline,field_unified_timeline_facade,legacy_unversioned_business
sahool-platform,services/sahool-platform/api/routers/field_workspace_weather.py,63,GET,/api/v1/fields/{field_id}/weather/thermal-stress,field_weather_thermal_stress,legacy_unversioned_business
sahool-platform,services/sahool-platform/api/routers/field_workspace_weather.py,98,GET,/api/v1/fields/{field_id}/weather/operation-windows,field_weather_operation_windows,legacy_unversioned_business
sahool-platform,services/sahool-platform/api/routers/field_workspace_weather.py,151,GET,/api/v1/fields/{field_id}/weather/irrigation-advice,field_irrigation_advice_facade,legacy_unversioned_business
sahool-platform,services/sahool-platform/api/routers/field_workspace_weather.py,206,GET,/api/v1/fields/{field_id}/weather/disease-risk,field_disease_risk_facade,legacy_unversioned_business
sahool-platform,services/sahool-platform/api/routers/fields.py,570,GET,/api/v1/fields,list_fields,legacy_unversioned_business
sahool-platform,services/sahool-platform/api/routers/fields.py,593,POST,/api/v1/fields,create_field,legacy_unversioned_business
sahool-platform,services/sahool-platform/api/routers/fields.py,617,POST,/api/v1/fields/import,import_field,legacy_unversioned_business
sahool-platform,services/sahool-platform/api/routers/fields.py,690,POST,/api/v1/fields/{field_id}/imagery/refresh,refresh_field_imagery,legacy_unversioned_business
sahool-platform,services/sahool-platform/api/routers/fields.py,893,POST,/api/v1/fields/{field_id}/imagery/backfill,field_imagery_backfill_proxy,legacy_unversioned_business
sahool-platform,services/sahool-platform/api/routers/fields.py,965,GET,/api/v1/fields/{field_id}/imagery/backfill/{run_id},field_imagery_backfill_status_proxy,legacy_unversioned_business
sahool-platform,services/sahool-platform/api/routers/fields.py,999,GET,/api/v1/fields/{field_id},get_field,legacy_unversioned_business
sahool-platform,services/sahool-platform/api/routers/fields.py,1024,GET,/api/v1/fields/{field_id}/terrain,get_field_terrain,legacy_unversioned_business
sahool-platform,services/sahool-platform/api/routers/fields.py,1115,GET,/api/v1/fields/{field_id}/workspace,get_field_workspace,legacy_unversioned_business
sahool-platform,services/sahool-platform/api/routers/fields.py,1204,PUT,/api/v1/fields/{field_id},update_field,legacy_unversioned_business
sahool-platform,services/sahool-platform/api/routers/fields.py,1204,PATCH,/api/v1/fields/{field_id},update_field,legacy_unversioned_business
sahool-platform,services/sahool-platform/api/routers/fields.py,1489,GET,/api/v1/fields/{field_id}/geometry/history,field_geometry_history,legacy_unversioned_business
sahool-platform,services/sahool-platform/api/routers/fields.py,1536,POST,/api/v1/fields/{field_id}/geometry/revert/{revision},revert_field_geometry,legacy_unversioned_business
sahool-platform,services/sahool-platform/api/routers/fields.py,1634,DELETE,/api/v1/fields/{field_id},delete_field,legacy_unversioned_business
sahool-platform,services/sahool-platform/api/routers/fields.py,1760,POST,/api/v1/fields/merge,merge_fields,legacy_unversioned_business
sahool-platform,services/sahool-platform/api/routers/fields.py,1885,POST,/api/v1/fields/split,split_field,legacy_unversioned_business
sahool-platform,services/sahool-platform/api/routers/fields.py,2025,POST,/api/v1/fields/{field_id}/seasons,create_season,legacy_unversioned_business
sahool-platform,services/sahool-platform/api/routers/fields.py,2232,GET,/api/v1/fields/{field_id}/seasons,list_seasons,legacy_unversioned_business
sahool-platform,services/sahool-platform/api/routers/fields.py,2259,PATCH,/api/v1/fields/{field_id}/seasons/{season_id},update_season,legacy_unversioned_business
sahool-platform,services/sahool-platform/api/routers/fields.py,2428,GET,/api/v1/fields/{field_id}/soil-moisture,field_soil_moisture,legacy_unversioned_business
sahool-platform,services/sahool-platform/api/routers/fields.py,2576,GET,/api/v1/fields/{field_id}/wind/prevailing,field_wind_prevailing,legacy_unversioned_business
sahool-platform,services/sahool-platform/api/routers/fields.py,2651,POST,/api/v1/fields/{field_id}/wind/drift-risk,field_wind_drift_risk,legacy_unversioned_business
sahool-platform,services/sahool-platform/api/routers/fields.py,2730,GET,/api/v1/fields/{field_id}/recommendations,field_recommendations,legacy_unversioned_business
sahool-platform,services/sahool-platform/api/routers/fields.py,2826,POST,/api/v1/fields/{field_id}/activities,create_activity,legacy_unversioned_business
sahool-platform,services/sahool-platform/api/routers/fields.py,2960,GET,/api/v1/fields/{field_id}/activities,list_field_activities,legacy_unversioned_business
sahool-platform,services/sahool-platform/api/routers/fields.py,2989,GET,/api/v1/fields/{field_id}/input-traceability,field_input_traceability,legacy_unversioned_business
sahool-platform,services/sahool-platform/api/routers/fields.py,3091,POST,/api/v1/fields/{field_id}/growth-narrative,field_growth_narrative,legacy_unversioned_business
sahool-platform,services/sahool-platform/api/routers/fields.py,3135,POST,/api/v1/fields/{field_id}/soil-lab-tests,create_soil_lab_test,legacy_unversioned_business
sahool-platform,services/sahool-platform/api/routers/fields.py,3193,GET,/api/v1/fields/{field_id}/soil-lab-tests,list_soil_lab_tests,legacy_unversioned_business
sahool-platform,services/sahool-platform/api/routers/fields.py,3217,PATCH,/api/v1/fields/{field_id}/soil-lab-tests/{test_id},update_soil_lab_test,legacy_unversioned_business
sahool-platform,services/sahool-platform/api/routers/fields.py,3344,POST,/api/v1/fields/{field_id}/alerts/evaluate,evaluate_field_alerts_endpoint,legacy_unversioned_business
sahool-platform,services/sahool-platform/api/routers/fields.py,3360,POST,/api/v1/fields/{field_id}/rotations,add_crop_rotation,legacy_unversioned_business
sahool-platform,services/sahool-platform/api/routers/fields.py,3402,GET,/api/v1/fields/{field_id}/rotations,list_crop_rotations,legacy_unversioned_business
sahool-platform,services/sahool-platform/api/routers/fields.py,3429,POST,/api/v1/fields/{field_id}/trueup,apply_trueup,legacy_unversioned_business
sahool-platform,services/sahool-platform/api/routers/fields.py,3488,POST,/api/v1/fields/validate-geometry,validate_geometry,legacy_unversioned_business
sahool-platform,services/sahool-platform/api/routers/fields.py,3521,POST,/api/v1/fields/{field_id}/prescriptions/nitrogen,prescribe_nitrogen,legacy_unversioned_business
sahool-platform,services/sahool-platform/api/routers/fields.py,3550,POST,/api/v1/fields/{field_id}/yield-estimate,estimate_field_yield,legacy_unversioned_business
sahool-platform,services/sahool-platform/api/routers/fields.py,3623,POST,/api/v1/fields/{field_id}/timeline,field_timeline,legacy_unversioned_business
sahool-platform,services/sahool-platform/api/routers/fields.py,3643,GET,/api/v1/fields/{field_id}/history,field_history,legacy_unversioned_business
sahool-platform,services/sahool-platform/api/routers/fields.py,3760,POST,/api/v1/fields/{field_id}/pins,create_pin,legacy_unversioned_business
sahool-platform,services/sahool-platform/api/routers/fields.py,3843,POST,/api/v1/fields/{field_id}/walk-plan,field_walk_plan,legacy_unversioned_business
sahool-platform,services/sahool-platform/api/routers/fields.py,3853,POST,/api/v1/fields/{field_id}/walk-plan/pdf,field_walk_plan_pdf,legacy_unversioned_business
sahool-platform,services/sahool-platform/api/routers/fields.py,3872,POST,/api/v1/fields/{field_id}/zones,field_zones,legacy_unversioned_business
sahool-platform,services/sahool-platform/api/routers/fields.py,3886,GET,/api/v1/fields/{field_id}/water-stress-spectral,field_water_stress_spectral,legacy_unversioned_business
sahool-platform,services/sahool-platform/api/routers/fields.py,3918,GET,/api/v1/fields/{field_id}/state,field_canonical_state,legacy_unversioned_business
sahool-platform,services/sahool-platform/api/routers/fields.py,3946,GET,/api/v1/fields/{field_id}/alerts/derived,field_alerts_derived,legacy_unversioned_business
sahool-platform,services/sahool-platform/api/routers/fields.py,3972,GET,/api/v1/fields/{field_id}/state/full,field_state_full,legacy_unversioned_business
sahool-platform,services/sahool-platform/api/routers/fodder_alternatives.py,25,GET,/api/v1/fodder-alternatives/list,fodder_alternatives_list_endpoint,legacy_unversioned_business
sahool-platform,services/sahool-platform/api/routers/gdd.py,30,POST,/api/v1/gdd/track,gdd_track,legacy_unversioned_business
sahool-platform,services/sahool-platform/api/routers/geo.py,28,GET,/api/v1/geo/reverse,geo_reverse_endpoint,legacy_unversioned_business
sahool-platform,services/sahool-platform/api/routers/geo_locate.py,24,GET,/api/v1/geo-locate/field,geo_locate_field_endpoint,legacy_unversioned_business
sahool-platform,services/sahool-platform/api/routers/geo_locate.py,30,GET,/api/v1/geo-locate/recommend,geo_locate_recommend_endpoint,legacy_unversioned_business
sahool-platform,services/sahool-platform/api/routers/gis_cloud_native.py,179,GET,/stac,stac_root,legacy_unversioned_business
sahool-platform,services/sahool-platform/api/routers/gis_cloud_native.py,186,GET,/stac/conformance,stac_conformance,legacy_unversioned_business
sahool-platform,services/sahool-platform/api/routers/gis_cloud_native.py,193,GET,/stac/queryables,get_stac_queryables,legacy_unversioned_business
sahool-platform,services/sahool-platform/api/routers/gis_cloud_native.py,200,GET,/stac/collections,list_stac_collections,legacy_unversioned_business
sahool-platform,services/sahool-platform/api/routers/gis_cloud_native.py,215,POST,/stac/search,stac_search_post,legacy_unversioned_business
sahool-platform,services/sahool-platform/api/routers/gis_cloud_native.py,245,GET,/scene-ranking,scene_ranking,legacy_unversioned_business
sahool-platform,services/sahool-platform/api/routers/gis_cloud_native.py,262,GET,/scene-processing-plan,scene_processing_plan,legacy_unversioned_business
sahool-platform,services/sahool-platform/api/routers/gis_cloud_native.py,279,GET,/tile-cache-plan,get_tile_cache_plan,legacy_unversioned_business
sahool-platform,services/sahool-platform/api/routers/gis_cloud_native.py,295,GET,/ogc,ogc_root,legacy_unversioned_business
sahool-platform,services/sahool-platform/api/routers/gis_cloud_native.py,302,GET,/ogc/conformance,ogc_conformance,legacy_unversioned_business
sahool-platform,services/sahool-platform/api/routers/gis_cloud_native.py,309,GET,/ogc/collections,get_ogc_collections,legacy_unversioned_business
sahool-platform,services/sahool-platform/api/routers/gis_cloud_native.py,316,GET,/ogc/collections/fields/items,ogc_field_items,legacy_unversioned_business
sahool-platform,services/sahool-platform/api/routers/gis_cloud_native.py,342,POST,/ai-boundary/plan,plan_ai_boundary_extraction,legacy_unversioned_business
sahool-platform,services/sahool-platform/api/routers/gis_cloud_native.py,352,POST,/management-zones/summary,summarize_management_zones,legacy_unversioned_business
sahool-platform,services/sahool-platform/api/routers/gis_cloud_native.py,360,POST,/editing-sessions/undo-redo,editing_session_undo_redo,legacy_unversioned_business
sahool-platform,services/sahool-platform/api/routers/gis_cloud_native.py,420,POST,/cog-registry,register_cog,legacy_unversioned_business
sahool-platform,services/sahool-platform/api/routers/gis_cloud_native.py,476,GET,/stac/search,stac_search,legacy_unversioned_business
sahool-platform,services/sahool-platform/api/routers/gis_cloud_native.py,497,GET,/stac/collections/{collection_id},get_collection,legacy_unversioned_business
sahool-platform,services/sahool-platform/api/routers/gis_cloud_native.py,513,GET,/mosaicjson,mosaicjson,legacy_unversioned_business
sahool-platform,services/sahool-platform/api/routers/gis_cloud_native.py,532,GET,/rasters/{raster_id}/tilejson.json,raster_tilejson,legacy_unversioned_business
sahool-platform,services/sahool-platform/api/routers/gis_cloud_native.py,557,POST,/editing-sessions,upsert_editing_session,legacy_unversioned_business
sahool-platform,services/sahool-platform/api/routers/gis_cloud_native.py,592,POST,/locks,acquire_geometry_lock,legacy_unversioned_business
sahool-platform,services/sahool-platform/api/routers/gis_cloud_native.py,628,DELETE,/locks/{field_id},release_geometry_lock,legacy_unversioned_business
sahool-platform,services/sahool-platform/api/routers/gis_cloud_native.py,646,POST,/geoparquet/export,export_geoparquet,legacy_unversioned_business
sahool-platform,services/sahool-platform/api/routers/gis_cloud_native.py,672,POST,/phase6/boundaries/extract,phase6_extract_boundary,legacy_unversioned_business
sahool-platform,services/sahool-platform/api/routers/gis_cloud_native.py,691,POST,/phase6/management-zones/generate,phase6_generate_management_zones,legacy_unversioned_business
sahool-platform,services/sahool-platform/api/routers/gis_cloud_native.py,707,POST,/phase6/prescriptions/generate,phase6_generate_prescription_map,legacy_unversioned_business
sahool-platform,services/sahool-platform/api/routers/gis_cloud_native.py,720,POST,/phase6/yield-stability,phase6_yield_stability,legacy_unversioned_business
sahool-platform,services/sahool-platform/api/routers/gis_cloud_native.py,728,POST,/phase6/profitability-map,phase6_profitability_map,legacy_unversioned_business
sahool-platform,services/sahool-platform/api/routers/gis_cloud_native.py,740,POST,/phase6/digital-twin/snapshot,phase6_digital_twin_snapshot,legacy_unversioned_business
sahool-platform,services/sahool-platform/api/routers/gis_kernel.py,118,POST,/api/v1/gis/buffer,gis_buffer,legacy_unversioned_business
sahool-platform,services/sahool-platform/api/routers/gis_kernel.py,167,POST,/api/v1/gis/union,gis_union,legacy_unversioned_business
sahool-platform,services/sahool-platform/api/routers/gis_kernel.py,208,POST,/api/v1/gis/split,gis_split,legacy_unversioned_business
sahool-platform,services/sahool-platform/api/routers/gis_kernel.py,257,POST,/api/v1/gis/validate,gis_validate,legacy_unversioned_business
sahool-platform,services/sahool-platform/api/routers/harvest_traceability.py,58,POST,/api/v1/harvest-lots,create_harvest_lot,legacy_unversioned_business
sahool-platform,services/sahool-platform/api/routers/harvest_traceability.py,141,GET,/api/v1/harvest-lots,list_harvest_lots,legacy_unversioned_business
sahool-platform,services/sahool-platform/api/routers/harvest_traceability.py,177,GET,/api/v1/harvest-lots/{harvest_lot_id},get_harvest_lot,legacy_unversioned_business
sahool-platform,services/sahool-platform/api/routers/harvest_traceability.py,200,POST,/api/v1/harvest-lots/{harvest_lot_id}/custody-events,add_custody_event,legacy_unversioned_business
sahool-platform,services/sahool-platform/api/routers/harvest_traceability.py,295,GET,/api/v1/harvest-lots/{harvest_lot_id}/traceability,get_traceability,legacy_unversioned_business
sahool-platform,services/sahool-platform/api/routers/high_value_crops.py,24,GET,/api/v1/high-value-crops/list,high_value_crops_list_endpoint,legacy_unversioned_business
sahool-platform,services/sahool-platform/api/routers/high_value_crops.py,30,GET,/api/v1/high-value-crops/detail,high_value_crops_detail_endpoint,legacy_unversioned_business
sahool-platform,services/sahool-platform/api/routers/indicators.py,35,GET,/api/v1/indicators/catalog,indicators_catalog,legacy_unversioned_business
sahool-platform,services/sahool-platform/api/routers/indicators.py,47,GET,/api/v1/indicators/map-layers,indicators_map_layers,legacy_unversioned_business
sahool-platform,services/sahool-platform/api/routers/indicators.py,60,GET,/api/v1/indicators/dashboard,indicators_dashboard,legacy_unversioned_business
sahool-platform,services/sahool-platform/api/routers/indices.py,22,GET,/api/v1/indices/coverage-report,indices_coverage_report,legacy_unversioned_business
sahool-platform,services/sahool-platform/api/routers/internal_service.py,18,GET,/internal/fields/{field_id}/state,internal_field_state,internal_s2s
sahool-platform,services/sahool-platform/api/routers/internal_service.py,38,POST,/internal/events/ai-advice,internal_ai_advice_event,internal_s2s
sahool-platform,services/sahool-platform/api/routers/introduction.py,29,GET,/api/v1/introduction/candidates,introduction_candidates_endpoint,legacy_unversioned_business
sahool-platform,services/sahool-platform/api/routers/introduction.py,35,GET,/api/v1/introduction/card,introduction_card_endpoint,legacy_unversioned_business
sahool-platform,services/sahool-platform/api/routers/introduction.py,41,POST,/api/v1/introduction/field-fit,introduction_field_fit_endpoint,legacy_unversioned_business
sahool-platform,services/sahool-platform/api/routers/inventory.py,40,POST,/api/v1/inventory/items,create_inventory_item,legacy_unversioned_business
sahool-platform,services/sahool-platform/api/routers/inventory.py,90,GET,/api/v1/inventory/items,list_inventory_items,legacy_unversioned_business
sahool-platform,services/sahool-platform/api/routers/inventory.py,121,POST,/api/v1/inventory/items/{item_id}/batches,add_inventory_batch,legacy_unversioned_business
sahool-platform,services/sahool-platform/api/routers/inventory.py,184,GET,/api/v1/inventory/expiring,list_expiring_batches,legacy_unversioned_business
sahool-platform,services/sahool-platform/api/routers/ipm.py,25,GET,/api/v1/ipm/pests,ipm_pests_endpoint,legacy_unversioned_business
sahool-platform,services/sahool-platform/api/routers/ipm.py,31,GET,/api/v1/ipm/plan,ipm_plan_endpoint,legacy_unversioned_business
sahool-platform,services/sahool-platform/api/routers/ipm.py,37,GET,/api/v1/ipm/crop-pests,ipm_crop_pests_endpoint,legacy_unversioned_business
sahool-platform,services/sahool-platform/api/routers/irrigation.py,100,POST,/api/v1/irrigation/valves,register_valve,legacy_unversioned_business
sahool-platform,services/sahool-platform/api/routers/irrigation.py,157,GET,/api/v1/irrigation/valves,list_valves,legacy_unversioned_business
sahool-platform,services/sahool-platform/api/routers/irrigation.py,179,POST,/api/v1/irrigation/valves/{valve_id}/state,set_valve_state,legacy_unversioned_business
sahool-platform,services/sahool-platform/api/routers/irrigation.py,236,POST,/api/v1/irrigation/schedules,create_schedule,legacy_unversioned_business
sahool-platform,services/sahool-platform/api/routers/irrigation.py,307,GET,/api/v1/irrigation/schedules,list_schedules,legacy_unversioned_business
sahool-platform,services/sahool-platform/api/routers/irrigation.py,357,DELETE,/api/v1/irrigation/schedules/{schedule_id},delete_schedule,legacy_unversioned_business
sahool-platform,services/sahool-platform/api/routers/irrigation.py,372,GET,/api/v1/irrigation/soil-types,irrigation_soil_types_endpoint,legacy_unversioned_business
sahool-platform,services/sahool-platform/api/routers/irrigation.py,378,GET,/api/v1/irrigation/moisture-decision,irrigation_moisture_decision_endpoint,legacy_unversioned_business
sahool-platform,services/sahool-platform/api/routers/irrigation.py,397,POST,/api/v1/irrigation/water-analysis,irrigation_water_analysis,legacy_unversioned_business
sahool-platform,services/sahool-platform/api/routers/irrigation_method.py,25,GET,/api/v1/irrigation-method,list_methods,legacy_unversioned_business
sahool-platform,services/sahool-platform/api/routers/irrigation_method.py,31,GET,/api/v1/irrigation-method/{method},get_method,legacy_unversioned_business
sahool-platform,services/sahool-platform/api/routers/irrigation_method.py,43,POST,/api/v1/irrigation-method/gross,compute_gross,legacy_unversioned_business
sahool-platform,services/sahool-platform/api/routers/irrigation_network.py,55,POST,/api/v1/irrigation/network/feasibility,network_feasibility_endpoint,legacy_unversioned_business
sahool-platform,services/sahool-platform/api/routers/irrigation_plan.py,111,POST,/api/v1/irrigation-plan,irrigation_plan_endpoint,legacy_unversioned_business
sahool-platform,services/sahool-platform/api/routers/irrigation_recommendation.py,54,POST,/api/v1/irrigation-recommendation,irrigation_recommendation,legacy_unversioned_business
sahool-platform,services/sahool-platform/api/routers/kc_timeseries.py,87,POST,/api/v1/agro/kc-timeseries,persist_kc,legacy_unversioned_business
sahool-platform,services/sahool-platform/api/routers/kc_timeseries.py,140,GET,/api/v1/agro/kc-timeseries/{field_id},list_kc,legacy_unversioned_business
sahool-platform,services/sahool-platform/api/routers/kc_timeseries.py,156,GET,/api/v1/agro/kc-timeseries/{field_id}/compare,compare_kc,legacy_unversioned_business
sahool-platform,services/sahool-platform/api/routers/learning.py,32,POST,/api/v1/learning/external-prior-blend,external_prior_blend,legacy_unversioned_business
sahool-platform,services/sahool-platform/api/routers/learning.py,55,GET,/api/v1/learning/activation-status,learning_activation_status,legacy_unversioned_business
sahool-platform,services/sahool-platform/api/routers/learning.py,114,GET,/api/v1/learning/prediction-calibration,prediction_calibration_status,legacy_unversioned_business
sahool-platform,services/sahool-platform/api/routers/learning_summary.py,53,GET,/api/v1/learning/summary,get_learning_summary,legacy_unversioned_business
sahool-platform,services/sahool-platform/api/routers/lifecycle.py,32,POST,/api/v1/lifecycle/validate-transition,validate_transition,legacy_unversioned_business
sahool-platform,services/sahool-platform/api/routers/lineage.py,31,GET,/api/v1/lineage/{entity_type}/{entity_id},entity_lineage,legacy_unversioned_business
sahool-platform,services/sahool-platform/api/routers/market.py,30,GET,/api/v1/market/crop-gap,market_crop_gap,legacy_unversioned_business
sahool-platform,services/sahool-platform/api/routers/market.py,101,GET,/api/v1/market/crop-classification-readiness,crop_classification_readiness_endpoint,legacy_unversioned_business
sahool-platform,services/sahool-platform/api/routers/master_data.py,35,POST,/api/v1/master-data,create_master_data,legacy_unversioned_business
sahool-platform,services/sahool-platform/api/routers/master_data.py,96,GET,/api/v1/master-data,list_master_data,legacy_unversioned_business
sahool-platform,services/sahool-platform/api/routers/me.py,26,GET,/api/v1/me,me,legacy_unversioned_business
sahool-platform,services/sahool-platform/api/routers/ndvi_analysis.py,35,POST,/api/v1/fields/{field_id}/ndvi-analysis,field_ndvi_analysis,legacy_unversioned_business
sahool-platform,services/sahool-platform/api/routers/niche_crops.py,24,GET,/api/v1/niche-crops/list,niche_crops_list_endpoint,legacy_unversioned_business
sahool-platform,services/sahool-platform/api/routers/niche_crops.py,30,GET,/api/v1/niche-crops/detail,niche_crops_detail_endpoint,legacy_unversioned_business
sahool-platform,services/sahool-platform/api/routers/nl_gis.py,199,POST,/api/v1/nl-gis/query,nl_gis_query_endpoint,legacy_unversioned_business
sahool-platform,services/sahool-platform/api/routers/nl_sql.py,71,POST,/api/v1/nl-sql,nl_sql_endpoint,legacy_unversioned_business
sahool-platform,services/sahool-platform/api/routers/notifications.py,56,GET,/api/v1/notifications/preferences,get_notification_preferences,legacy_unversioned_business
sahool-platform,services/sahool-platform/api/routers/notifications.py,86,PUT,/api/v1/notifications/preferences,update_notification_preferences,legacy_unversioned_business
sahool-platform,services/sahool-platform/api/routers/notifications.py,177,POST,/api/v1/notifications/delivery,upsert_notification_delivery,legacy_unversioned_business
sahool-platform,services/sahool-platform/api/routers/nutrients.py,31,POST,/api/v1/nutrients/4r-plan,nutrient_4r_plan,legacy_unversioned_business
sahool-platform,services/sahool-platform/api/routers/observations.py,34,POST,/api/v1/observations,observations,legacy_unversioned_business
sahool-platform,services/sahool-platform/api/routers/onboarding.py,35,GET,/api/v1/onboarding/questionnaire,onboarding_questionnaire,legacy_unversioned_business
sahool-platform,services/sahool-platform/api/routers/onboarding.py,46,POST,/api/v1/onboarding/responses,submit_onboarding,legacy_unversioned_business
sahool-platform,services/sahool-platform/api/routers/onboarding.py,97,GET,/api/v1/onboarding/responses,list_onboarding,legacy_unversioned_business
sahool-platform,services/sahool-platform/api/routers/operations.py,93,GET,/api/v1/operations/summary,operations_summary_endpoint,legacy_unversioned_business
sahool-platform,services/sahool-platform/api/routers/orchard.py,24,GET,/api/v1/orchard/plan,orchard_plan_endpoint,legacy_unversioned_business
sahool-platform,services/sahool-platform/api/routers/orchard.py,30,GET,/api/v1/orchard/economics,orchard_economics_endpoint,legacy_unversioned_business
sahool-platform,services/sahool-platform/api/routers/outcome.py,43,POST,/api/v1/outcome/measure,measure_decision_outcome,legacy_unversioned_business
sahool-platform,services/sahool-platform/api/routers/pest_escalation.py,31,POST,/api/v1/pest-escalation/run,pest_escalation_run,legacy_unversioned_business
sahool-platform,services/sahool-platform/api/routers/phenology.py,159,GET,/api/v1/fields/{field_id}/phenology,field_phenology,legacy_unversioned_business
sahool-platform,services/sahool-platform/api/routers/phenology.py,181,GET,/api/v1/fields/{field_id}/stage-actions,field_stage_actions,legacy_unversioned_business
sahool-platform,services/sahool-platform/api/routers/planting.py,30,GET,/api/v1/planting/crops,planting_crops_endpoint,legacy_unversioned_business
sahool-platform,services/sahool-platform/api/routers/planting.py,36,GET,/api/v1/planting/window,planting_window_endpoint,legacy_unversioned_business
sahool-platform,services/sahool-platform/api/routers/planting.py,42,GET,/api/v1/planting/check,planting_check_endpoint,legacy_unversioned_business
sahool-platform,services/sahool-platform/api/routers/platform_health.py,21,GET,/healthz,healthz,infra
sahool-platform,services/sahool-platform/api/routers/platform_health.py,28,GET,/metrics,metrics,infra
sahool-platform,services/sahool-platform/api/routers/platform_health.py,49,GET,/readyz,readyz,infra
sahool-platform,services/sahool-platform/api/routers/policy_learning.py,37,GET,/api/v1/policy-learning/threshold-suggestions,threshold_suggestions,legacy_unversioned_business
sahool-platform,services/sahool-platform/api/routers/portfolio_command.py,70,POST,/api/v1/portfolio/command,portfolio_command_endpoint,legacy_unversioned_business
sahool-platform,services/sahool-platform/api/routers/postharvest.py,28,GET,/api/v1/postharvest/moisture-check,postharvest_moisture_endpoint,legacy_unversioned_business
sahool-platform,services/sahool-platform/api/routers/postharvest.py,34,GET,/api/v1/postharvest/pests,postharvest_pests_endpoint,legacy_unversioned_business
sahool-platform,services/sahool-platform/api/routers/postharvest.py,40,GET,/api/v1/postharvest/best-practices,postharvest_practices_endpoint,legacy_unversioned_business
sahool-platform,services/sahool-platform/api/routers/practices.py,25,GET,/api/v1/practices/list,practices_list_endpoint,legacy_unversioned_business
sahool-platform,services/sahool-platform/api/routers/practices.py,31,GET,/api/v1/practices/guide,practices_guide_endpoint,legacy_unversioned_business
sahool-platform,services/sahool-platform/api/routers/prescriptions.py,103,POST,/api/v1/fields/{field_id}/prescriptions,create_prescription,legacy_unversioned_business
sahool-platform,services/sahool-platform/api/routers/prescriptions.py,159,GET,/api/v1/fields/{field_id}/prescriptions,list_prescriptions,legacy_unversioned_business
sahool-platform,services/sahool-platform/api/routers/prescriptions.py,193,GET,/api/v1/fields/{field_id}/prescriptions/{prescription_id}/export,export_prescription,legacy_unversioned_business
sahool-platform,services/sahool-platform/api/routers/productivity.py,65,POST,/api/v1/fields/{field_id}/productivity-zones,productivity_zones_endpoint,legacy_unversioned_business
sahool-platform,services/sahool-platform/api/routers/productivity.py,84,POST,/api/v1/fields/{field_id}/zone-sampling-plan,zone_sampling_plan_endpoint,legacy_unversioned_business
sahool-platform,services/sahool-platform/api/routers/productivity.py,107,POST,/api/v1/fields/{field_id}/daily-ai-brief,daily_ai_brief_endpoint,legacy_unversioned_business
sahool-platform,services/sahool-platform/api/routers/propagation.py,30,GET,/api/v1/propagation/methods,propagation_methods_endpoint,legacy_unversioned_business
sahool-platform,services/sahool-platform/api/routers/propagation.py,36,GET,/api/v1/propagation/method-guide,propagation_method_guide_endpoint,legacy_unversioned_business
sahool-platform,services/sahool-platform/api/routers/propagation.py,42,GET,/api/v1/propagation/crop,propagation_crop_endpoint,legacy_unversioned_business
sahool-platform,services/sahool-platform/api/routers/propagation.py,48,GET,/api/v1/propagation/rootstock,propagation_rootstock_endpoint,legacy_unversioned_business
sahool-platform,services/sahool-platform/api/routers/queue.py,22,GET,/api/v1/queue/status,queue_status,legacy_unversioned_business
sahool-platform,services/sahool-platform/api/routers/rbac.py,28,GET,/api/v1/rbac/who-can,rbac_who_can,legacy_unversioned_business
sahool-platform,services/sahool-platform/api/routers/rbac.py,44,GET,/api/v1/rbac/permission-matrix,rbac_permission_matrix,legacy_unversioned_business
sahool-platform,services/sahool-platform/api/routers/rbac.py,54,GET,/api/v1/rbac/preview-role-change,rbac_preview_role_change,legacy_unversioned_business
sahool-platform,services/sahool-platform/api/routers/readiness.py,21,GET,/api/v1/admin/readiness,production_readiness,legacy_unversioned_business
sahool-platform,services/sahool-platform/api/routers/recommendations.py,102,POST,/api/v1/recommendations,recommendations,legacy_unversioned_business
sahool-platform,services/sahool-platform/api/routers/recommendations.py,128,POST,/api/v1/recommendations/for-field,recommendations_for_field,legacy_unversioned_business
sahool-platform,services/sahool-platform/api/routers/recommendations.py,188,GET,/api/v1/recommendations/engines,recommendation_engines,legacy_unversioned_business
sahool-platform,services/sahool-platform/api/routers/recommendations.py,235,POST,/api/v1/recommendations/economic-adaptation,economic_adaptation_endpoint,legacy_unversioned_business
sahool-platform,services/sahool-platform/api/routers/recommendations.py,253,GET,/api/v1/recommendations/capacity-profiles,capacity_profiles_endpoint,legacy_unversioned_business
sahool-platform,services/sahool-platform/api/routers/recommendations.py,261,POST,/api/v1/recommendations/candidates,generate_crop_candidates,legacy_unversioned_business
sahool-platform,services/sahool-platform/api/routers/recommendations.py,326,POST,/api/v1/recommendations/outcomes,record_recommendation_outcome,legacy_unversioned_business
sahool-platform,services/sahool-platform/api/routers/recommendations.py,421,GET,/api/v1/recommendations/{rec_id},get_recommendation,legacy_unversioned_business
sahool-platform,services/sahool-platform/api/routers/regional_bulletin.py,53,GET,/api/v1/regional/bulletin,regional_bulletin,legacy_unversioned_business
sahool-platform,services/sahool-platform/api/routers/regional_calendar.py,20,GET,/api/v1/regional-calendar,regional_calendar,legacy_unversioned_business
sahool-platform,services/sahool-platform/api/routers/registry.py,32,GET,/api/v1/registry/report-fields,list_registry_report_fields,legacy_unversioned_business
sahool-platform,services/sahool-platform/api/routers/registry.py,45,GET,/api/v1/registry/workflows,list_registry_workflows,legacy_unversioned_business
sahool-platform,services/sahool-platform/api/routers/registry.py,58,GET,/api/v1/registry/indices,registry_indices,legacy_unversioned_business
sahool-platform,services/sahool-platform/api/routers/registry.py,68,GET,/api/v1/registry/device-types,registry_device_types,legacy_unversioned_business
sahool-platform,services/sahool-platform/api/routers/registry.py,78,GET,/api/v1/registry/events,registry_events,legacy_unversioned_business
sahool-platform,services/sahool-platform/api/routers/registry.py,88,GET,/api/v1/registry/cost-profiles,registry_cost_profiles,legacy_unversioned_business
sahool-platform,services/sahool-platform/api/routers/registry.py,98,GET,/api/v1/registry/data-quality-rules,registry_data_quality_rules,legacy_unversioned_business
sahool-platform,services/sahool-platform/api/routers/replay.py,32,POST,/api/v1/replay/reconstruct,replay_reconstruct,legacy_unversioned_business
sahool-platform,services/sahool-platform/api/routers/reports.py,41,GET,/api/v1/reports/farm-summary,report_farm_summary,legacy_unversioned_business
sahool-platform,services/sahool-platform/api/routers/reports.py,96,GET,/api/v1/reports/field/{field_id}/summary,report_field_summary,legacy_unversioned_business
sahool-platform,services/sahool-platform/api/routers/reports.py,207,GET,/api/v1/fields/{field_id}/sustainability,field_sustainability,legacy_unversioned_business
sahool-platform,services/sahool-platform/api/routers/reports.py,253,GET,/api/v1/reports/season/{season_id}/summary,report_season_summary,legacy_unversioned_business
sahool-platform,services/sahool-platform/api/routers/reports.py,308,POST,/api/v1/reports/operation,operation_report_csv,legacy_unversioned_business
sahool-platform,services/sahool-platform/api/routers/reports.py,358,POST,/api/v1/reports/build,build_report,legacy_unversioned_business
sahool-platform,services/sahool-platform/api/routers/rotation.py,28,GET,/api/v1/rotation/principles,rotation_principles_endpoint,legacy_unversioned_business
sahool-platform,services/sahool-platform/api/routers/rotation.py,34,GET,/api/v1/rotation/evaluate,rotation_evaluate,legacy_unversioned_business
sahool-platform,services/sahool-platform/api/routers/rotation.py,40,GET,/api/v1/rotation/suggest,rotation_suggest,legacy_unversioned_business
sahool-platform,services/sahool-platform/api/routers/salinity.py,30,POST,/api/v1/salinity/assess,salinity_assess_endpoint,legacy_unversioned_business
sahool-platform,services/sahool-platform/api/routers/sampling.py,31,GET,/api/v1/sampling/strategy,sampling_strategy,legacy_unversioned_business
sahool-platform,services/sahool-platform/api/routers/scenario.py,79,POST,/api/v1/scenario/water-twin,scenario_water_twin,legacy_unversioned_business
sahool-platform,services/sahool-platform/api/routers/scenario.py,108,POST,/api/v1/scenario/temperature,scenario_temperature,legacy_unversioned_business
sahool-platform,services/sahool-platform/api/routers/scenario.py,124,POST,/api/v1/scenario/planting-date,scenario_planting_date,legacy_unversioned_business
sahool-platform,services/sahool-platform/api/routers/scenario.py,138,POST,/api/v1/scenario/rainfall,scenario_rainfall,legacy_unversioned_business
sahool-platform,services/sahool-platform/api/routers/scouting.py,78,GET,/api/v1/scouting/pins,list_scouting_pins,legacy_unversioned_business
sahool-platform,services/sahool-platform/api/routers/scouting.py,114,GET,/api/v1/scouting/taxonomy,scouting_taxonomy,legacy_unversioned_business
sahool-platform,services/sahool-platform/api/routers/season_workspace.py,219,GET,/api/v1/fields/{field_id}/season-workspace,season_workspace,legacy_unversioned_business
sahool-platform,services/sahool-platform/api/routers/seasonal_risk.py,28,GET,/api/v1/seasonal-risk/calendar,seasonal_risk_calendar_endpoint,legacy_unversioned_business
sahool-platform,services/sahool-platform/api/routers/seasonal_risk.py,34,GET,/api/v1/seasonal-risk/stage-check,seasonal_risk_stage_endpoint,legacy_unversioned_business
sahool-platform,services/sahool-platform/api/routers/seasonal_risk.py,40,GET,/api/v1/seasonal-risk/chill-hours,seasonal_risk_chill_endpoint,legacy_unversioned_business
sahool-platform,services/sahool-platform/api/routers/seasons.py,36,POST,/api/v1/seasons/{season_id}/simulate,simulate_season_endpoint,legacy_unversioned_business
sahool-platform,services/sahool-platform/api/routers/seasons.py,182,GET,/api/v1/fields/{field_id}/seasons/{season_id}/state,field_season_state_endpoint,legacy_unversioned_business
sahool-platform,services/sahool-platform/api/routers/security_audit.py,19,GET,/api/v1/admin/security/denials,security_denials,legacy_unversioned_business
sahool-platform,services/sahool-platform/api/routers/seed.py,30,GET,/api/v1/seed/criteria,seed_criteria_endpoint,legacy_unversioned_business
sahool-platform,services/sahool-platform/api/routers/seed.py,36,POST,/api/v1/seed/evaluate-source,seed_evaluate_endpoint,legacy_unversioned_business
sahool-platform,services/sahool-platform/api/routers/seed.py,42,GET,/api/v1/seed/germination-rate,seed_germination_endpoint,legacy_unversioned_business
sahool-platform,services/sahool-platform/api/routers/seed.py,50,GET,/api/v1/seed/storage-check,seed_storage_endpoint,legacy_unversioned_business
sahool-platform,services/sahool-platform/api/routers/seed.py,58,GET,/api/v1/seed/sowing-depth,seed_sowing_depth_endpoint,legacy_unversioned_business
sahool-platform,services/sahool-platform/api/routers/settings.py,30,PUT,/api/v1/settings,upsert_setting,legacy_unversioned_business
sahool-platform,services/sahool-platform/api/routers/settings.py,63,GET,/api/v1/settings,list_settings,legacy_unversioned_business
sahool-platform,services/sahool-platform/api/routers/sharing.py,46,POST,/api/v1/sharing/generate-key,generate_share_key,legacy_unversioned_business
sahool-platform,services/sahool-platform/api/routers/sharing.py,86,POST,/api/v1/sharing/keys,create_sharing_key,legacy_unversioned_business
sahool-platform,services/sahool-platform/api/routers/sharing.py,117,GET,/api/v1/sharing/keys,list_sharing_keys,legacy_unversioned_business
sahool-platform,services/sahool-platform/api/routers/simulate.py,28,POST,/api/v1/simulate/what-if,simulate_what_if,legacy_unversioned_business
sahool-platform,services/sahool-platform/api/routers/soil_sampling.py,28,GET,/api/v1/soil-sampling/subsamples,soil_subsamples_endpoint,legacy_unversioned_business
sahool-platform,services/sahool-platform/api/routers/soil_sampling.py,34,GET,/api/v1/soil-sampling/depth,soil_depth_endpoint,legacy_unversioned_business
sahool-platform,services/sahool-platform/api/routers/soil_sampling.py,40,GET,/api/v1/soil-sampling/protocol,soil_protocol_endpoint,legacy_unversioned_business
sahool-platform,services/sahool-platform/api/routers/soil_sampling.py,96,GET,/api/v1/lab/samples,list_lab_samples,legacy_unversioned_business
sahool-platform,services/sahool-platform/api/routers/soil_sampling.py,107,POST,/api/v1/lab/samples,create_lab_sample,legacy_unversioned_business
sahool-platform,services/sahool-platform/api/routers/soil_sampling.py,119,POST,/api/v1/lab/soil-results,submit_soil_lab_result,legacy_unversioned_business
sahool-platform,services/sahool-platform/api/routers/soil_sampling.py,142,POST,/api/v1/lab/water-results,submit_water_lab_result,legacy_unversioned_business
sahool-platform,services/sahool-platform/api/routers/soil_sampling.py,162,GET,/api/v1/fields/{field_id}/lab-context,field_lab_context,legacy_unversioned_business
sahool-platform,services/sahool-platform/api/routers/sync.py,60,GET,/api/v1/sync/manifest,sync_manifest,legacy_unversioned_business
sahool-platform,services/sahool-platform/api/routers/sync.py,70,GET,/api/v1/sync/status,sync_status,legacy_unversioned_business
sahool-platform,services/sahool-platform/api/routers/sync.py,92,POST,/api/v1/sync,sync,legacy_unversioned_business
sahool-platform,services/sahool-platform/api/routers/tasks.py,37,GET,/api/v1/tasks,list_tasks,legacy_unversioned_business
sahool-platform,services/sahool-platform/api/routers/tasks.py,62,PATCH,/api/v1/tasks/{task_id},update_task,legacy_unversioned_business
sahool-platform,services/sahool-platform/api/routers/temporal.py,34,POST,/api/v1/temporal/check,temporal_check,legacy_unversioned_business
sahool-platform,services/sahool-platform/api/routers/temporal.py,60,POST,/api/v1/temporal/coherence,temporal_coherence,legacy_unversioned_business
sahool-platform,services/sahool-platform/api/routers/tenant.py,29,GET,/api/v1/tenant/config,get_tenant_config,legacy_unversioned_business
sahool-platform,services/sahool-platform/api/routers/trials.py,30,POST,/api/v1/trials/analyze,analyze_trial,legacy_unversioned_business
sahool-platform,services/sahool-platform/api/routers/water_balance.py,30,POST,/api/v1/water-balance,compute_water_balance,legacy_unversioned_business
sahool-platform,services/sahool-platform/api/routers/water_harvesting.py,28,GET,/api/v1/water-harvesting/potential,water_potential_endpoint,legacy_unversioned_business
sahool-platform,services/sahool-platform/api/routers/water_harvesting.py,36,GET,/api/v1/water-harvesting/methods,water_methods_endpoint,legacy_unversioned_business
sahool-platform,services/sahool-platform/api/routers/water_harvesting.py,42,GET,/api/v1/water-harvesting/method-guide,water_method_guide_endpoint,legacy_unversioned_business
sahool-platform,services/sahool-platform/api/routers/water_harvesting.py,48,GET,/api/v1/water-harvesting/upstream-flood,water_upstream_flood_endpoint,legacy_unversioned_business
sahool-platform,services/sahool-platform/api/routers/water_ledger.py,78,POST,/api/v1/fields/{field_id}/water-ledger,upsert_water_ledger,legacy_unversioned_business
sahool-platform,services/sahool-platform/api/routers/water_ledger.py,145,GET,/api/v1/fields/{field_id}/water-ledger,list_water_ledger,legacy_unversioned_business
sahool-platform,services/sahool-platform/api/routers/water_ledger.py,197,GET,/api/v1/fields/{field_id}/water-efficiency,field_water_efficiency,legacy_unversioned_business
sahool-platform,services/sahool-platform/api/routers/water_sensitivity.py,38,GET,/api/v1/water-sensitivity/crops,water_sensitivity_crops,legacy_unversioned_business
sahool-platform,services/sahool-platform/api/routers/water_sensitivity.py,44,GET,/api/v1/water-sensitivity/calendar,water_sensitivity_calendar,legacy_unversioned_business
sahool-platform,services/sahool-platform/api/routers/water_sensitivity.py,53,GET,/api/v1/water-sensitivity/wheat-calendar,water_sensitivity_wheat_calendar,legacy_unversioned_business
sahool-platform,services/sahool-platform/api/routers/water_sensitivity.py,59,POST,/api/v1/water-sensitivity/stress-risk,water_sensitivity_stress,legacy_unversioned_business
sahool-platform,services/sahool-platform/api/routers/water_sensitivity.py,68,POST,/api/v1/water-sensitivity/integrated-advice,water_sensitivity_integrated,legacy_unversioned_business
sahool-platform,services/sahool-platform/api/routers/water_twin.py,146,POST,/api/v1/fields/{field_id}/water-twin,field_water_twin,legacy_unversioned_business
sahool-platform,services/sahool-platform/api/routers/weather.py,1928,GET,/api/v1/weather/health,weather_health,legacy_unversioned_business
sahool-platform,services/sahool-platform/api/routers/weather.py,1946,GET,/api/v1/weather/readyz,weather_readyz,legacy_unversioned_business
sahool-platform,services/sahool-platform/api/routers/weather.py,1960,GET,/api/v1/weather/self-test,weather_self_test,legacy_unversioned_business
sahool-platform,services/sahool-platform/api/routers/weather.py,1970,GET,/api/v1/weather/wind-source-selftest,weather_wind_source_selftest,legacy_unversioned_business
sahool-platform,services/sahool-platform/api/routers/weather.py,2025,GET,/api/v1/weather/runtime-contract,weather_runtime_contract,legacy_unversioned_business
sahool-platform,services/sahool-platform/api/routers/weather.py,2038,GET,/api/v1/weather/env-doctor,weather_env_doctor,legacy_unversioned_business
sahool-platform,services/sahool-platform/api/routers/weather.py,2051,GET,/api/v1/weather/runtime-smoke-plan,weather_runtime_smoke_plan,legacy_unversioned_business
sahool-platform,services/sahool-platform/api/routers/weather.py,2059,GET,/api/v1/weather/current,weather_current,legacy_unversioned_business
sahool-platform,services/sahool-platform/api/routers/weather.py,2065,GET,/api/v1/weather/forecast,weather_forecast,legacy_unversioned_business
sahool-platform,services/sahool-platform/api/routers/weather.py,2071,GET,/api/v1/weather/historical,weather_historical,legacy_unversioned_business
sahool-platform,services/sahool-platform/api/routers/weather.py,2082,GET,/api/v1/weather/layers,weather_layers_manifest,legacy_unversioned_business
sahool-platform,services/sahool-platform/api/routers/weather.py,2260,GET,/api/v1/weather/tile-cache/backend,weather_tile_cache_backend,legacy_unversioned_business
sahool-platform,services/sahool-platform/api/routers/weather.py,2267,GET,/api/v1/weather/rate-limit/backend,weather_rate_limit_backend,legacy_unversioned_business
sahool-platform,services/sahool-platform/api/routers/weather.py,2274,GET,/api/v1/weather/tile-cache/stats,weather_tile_cache_stats,legacy_unversioned_business
sahool-platform,services/sahool-platform/api/routers/weather.py,2280,GET,/api/v1/weather/observability,weather_observability,legacy_unversioned_business
sahool-platform,services/sahool-platform/api/routers/weather.py,2311,GET,/api/v1/weather/metrics.prom,weather_metrics_prometheus,legacy_unversioned_business
sahool-platform,services/sahool-platform/api/routers/weather.py,2327,POST,/api/v1/weather/tile-cache/prune,weather_tile_cache_prune,legacy_unversioned_business
sahool-platform,services/sahool-platform/api/routers/weather.py,2404,GET,/api/v1/weather/tile-data/{z}/{x}/{y},weather_tile_data,legacy_unversioned_business
sahool-platform,services/sahool-platform/api/routers/weather.py,2428,GET,/api/v1/weather/operation-tile-data/{z}/{x}/{y},weather_operation_tile_data,legacy_unversioned_business
sahool-platform,services/sahool-platform/api/routers/weather.py,2444,GET,/api/v1/weather/probe,weather_probe,legacy_unversioned_business
sahool-platform,services/sahool-platform/api/routers/weather.py,2492,GET,/api/v1/weather/operation-window,weather_operation_window,legacy_unversioned_business
sahool-platform,services/sahool-platform/api/routers/weather.py,2507,GET,/api/v1/weather/field-weather-summary,weather_field_summary,legacy_unversioned_business
sahool-platform,services/sahool-platform/api/routers/weather.py,2550,GET,/api/v1/weather/operation-plan,weather_operation_plan,legacy_unversioned_business
sahool-platform,services/sahool-platform/api/routers/weather.py,2565,GET,/api/v1/weather/action-recommendation,weather_action_recommendation,legacy_unversioned_business
sahool-platform,services/sahool-platform/api/routers/weather.py,2630,GET,/api/v1/weather/alerts,weather_alerts,legacy_unversioned_business
sahool-platform,services/sahool-platform/api/routers/weather.py,2699,POST,/api/v1/weather/alerts/notify,weather_alerts_notify,legacy_unversioned_business
sahool-platform,services/sahool-platform/api/routers/weather.py,2793,POST,/api/v1/weather/tasks/from-operation-plan,weather_create_task_from_operation_plan,legacy_unversioned_business
sahool-platform,services/sahool-platform/api/routers/weather.py,2894,POST,/api/v1/weather/recommendations/from-operation-plan,weather_recommendation_from_operation_plan,legacy_unversioned_business
sahool-platform,services/sahool-platform/api/routers/weather.py,2985,GET,/api/v1/weather/tile-series/{z}/{x}/{y},weather_tile_series,legacy_unversioned_business
sahool-platform,services/sahool-platform/api/routers/weather_analytics.py,25,POST,/api/v1/weather-analytics/analyze,weather_analyze_endpoint,legacy_unversioned_business
sahool-platform,services/sahool-platform/api/routers/weather_analytics.py,31,POST,/api/v1/weather-analytics/planting-guide,weather_planting_guide_endpoint,legacy_unversioned_business
sahool-platform,services/sahool-platform/api/routers/wofost.py,27,GET,/api/v1/wofost/crop-types,wofost_crop_types_endpoint,legacy_unversioned_business
sahool-platform,services/sahool-platform/api/routers/wofost.py,33,GET,/api/v1/wofost/adaptation-guidance,wofost_adaptation_endpoint,legacy_unversioned_business
sahool-platform,services/sahool-platform/api/routers/yield_analysis.py,39,GET,/api/v1/analysis/yield,yield_analysis_endpoint,legacy_unversioned_business
sahool-platform,services/sahool-platform/api/routers/yield_interval.py,49,POST,/api/v1/fields/{field_id}/yield-interval,field_yield_interval_endpoint,legacy_unversioned_business
sahool-platform,services/sahool-platform/tests/test_correlation_middleware.py,18,GET,/probe,probe,legacy_unversioned_business
sam2-inference,services/sam2-inference/main.py,24,POST,/predict,predict,legacy_unversioned_business
sam2-inference,services/sam2-inference/main.py,105,GET,/healthz,healthz,infra
sam2-inference,services/sam2-inference/main.py,110,GET,/health,legacy_health,infra
sam2-inference,services/sam2-inference/main.py,115,GET,/readyz,readyz,infra
soil-service,services/soil-service/routers/health.py,22,GET,/healthz,health,infra
soil-service,services/soil-service/routers/health.py,22,GET,/health,health,infra
soil-service,services/soil-service/routers/health.py,27,GET,/readyz,readyz,infra
soil-service,services/soil-service/routers/health.py,40,GET,/metrics,metrics,infra
soil-service,services/soil-service/routers/modbus.py,36,POST,/soil/decode/modbus,decode_modbus,legacy_unversioned_business
soil-service,services/soil-service/routers/readings.py,20,GET,/soil/readings/{field_id},get_readings,legacy_unversioned_business
soil-service,services/soil-service/routers/readings.py,63,POST,/soil/ingest,ingest_reading,legacy_unversioned_business
soil-service,services/soil-service/routers/soil_profile.py,47,POST,/soil/suitability,soil_suitability,legacy_unversioned_business
soil-service,services/soil-service/routers/soil_profile.py,58,GET,/soil/soilgrids,soil_from_soilgrids,legacy_unversioned_business
supervisor-agent,services/supervisor-agent/routers/agent.py,24,POST,/agent/query,process_query,legacy_unversioned_business
supervisor-agent,services/supervisor-agent/routers/agent.py,89,POST,/agent/optimize,optimize_farm,legacy_unversioned_business
supervisor-agent,services/supervisor-agent/routers/agent.py,132,GET,/agent/tools,list_tools,legacy_unversioned_business
supervisor-agent,services/supervisor-agent/routers/agent.py,154,GET,/agent/journal/{invocation_id},get_journal_replay,legacy_unversioned_business
supervisor-agent,services/supervisor-agent/routers/agent.py,178,GET,/agent/actuator-audit,get_actuator_audit,legacy_unversioned_business
supervisor-agent,services/supervisor-agent/routers/health.py,21,GET,/healthz,healthz,infra
supervisor-agent,services/supervisor-agent/routers/health.py,21,GET,/health,healthz,infra
supervisor-agent,services/supervisor-agent/routers/health.py,26,GET,/readyz,readyz,infra
supervisor-agent,services/supervisor-agent/routers/health.py,34,GET,/metrics,metrics,infra
supervisor-agent,services/supervisor-agent/routers/health.py,43,GET,/healthz/deps,healthz_deps,infra
tts-service,services/tts-service/routers/health.py,22,GET,/healthz,health,infra
tts-service,services/tts-service/routers/health.py,22,GET,/health,health,infra
tts-service,services/tts-service/routers/health.py,27,GET,/readyz,readyz,infra
tts-service,services/tts-service/routers/health.py,43,GET,/metrics,metrics,infra
tts-service,services/tts-service/routers/tts.py,21,GET,/tts/voices,list_voices,legacy_unversioned_business
tts-service,services/tts-service/routers/tts.py,31,GET,/tts/status,tts_status,legacy_unversioned_business
tts-service,services/tts-service/routers/tts.py,44,POST,/tts/synthesize,synthesize,legacy_unversioned_business
tts-service,services/tts-service/routers/tts.py,125,POST,/tts/stream,stream,legacy_unversioned_business
vegetation-analysis-service,services/vegetation-analysis-service/routers/analysis.py,21,GET,/v1/analyze,analyze,versioned
vegetation-analysis-service,services/vegetation-analysis-service/routers/analysis.py,43,GET,/v1/timeseries/{field_id},timeseries,versioned
vegetation-analysis-service,services/vegetation-analysis-service/routers/analysis.py,59,GET,/v1/ndvi/current/{field_id},current_ndvi,versioned
vegetation-analysis-service,services/vegetation-analysis-service/routers/analysis.py,78,GET,/v1/all_fields,all_fields,versioned
vegetation-analysis-service,services/vegetation-analysis-service/routers/health.py,21,GET,/healthz,healthz,infra
vegetation-analysis-service,services/vegetation-analysis-service/routers/health.py,21,GET,/health,healthz,infra
vegetation-analysis-service,services/vegetation-analysis-service/routers/health.py,26,GET,/readyz,readyz,infra
vegetation-analysis-service,services/vegetation-analysis-service/routers/health.py,45,GET,/metrics,metrics,infra
video-processor,services/video-processor/routers/health.py,20,GET,/healthz,health,infra
video-processor,services/video-processor/routers/health.py,20,GET,/health,health,infra
video-processor,services/video-processor/routers/health.py,29,GET,/readyz,readyz,infra
video-processor,services/video-processor/routers/streams.py,46,POST,/streams,create_stream,legacy_unversioned_business
video-processor,services/video-processor/routers/streams.py,92,DELETE,/streams/{stream_id},stop_stream,legacy_unversioned_business
video-processor,services/video-processor/routers/streams.py,113,GET,/streams/{stream_id},get_stream,legacy_unversioned_business
video-processor,services/video-processor/routers/streams.py,136,GET,/streams,list_streams,legacy_unversioned_business
video-processor,services/video-processor/routers/streams.py,162,POST,/streams/{stream_id}/snapshot,snapshot,legacy_unversioned_business
video-processor,services/video-processor/routers/streams.py,180,GET,/streams/{stream_id}/snapshot,snapshot_zlm,legacy_unversioned_business
video-processor,services/video-processor/routers/streams.py,202,POST,/streams/{stream_id}/record/start,record_start,legacy_unversioned_business
video-processor,services/video-processor/routers/streams.py,222,POST,/streams/{stream_id}/record/stop,record_stop,legacy_unversioned_business
