service,file,line,method,path,function
actuator-service,services/actuator-service/routers/commands.py,25,POST,/command,send_command
actuator-service,services/actuator-service/routers/commands.py,70,GET,/commands,list_commands
actuator-service,services/actuator-service/routers/health.py,20,GET,/healthz,health
actuator-service,services/actuator-service/routers/health.py,20,GET,/health,health
actuator-service,services/actuator-service/routers/health.py,32,GET,/readyz,readyz
actuator-service,services/actuator-service/routers/metrics.py,18,GET,/idempotency/metrics,idempotency_metrics
agriai-engine,services/agriai-engine/main.py,50,GET,/healthz,healthz
agriai-engine,services/agriai-engine/main.py,55,GET,/health,legacy_health
agriai-engine,services/agriai-engine/main.py,60,GET,/readyz,readyz
agriai-engine,services/agriai-engine/main.py,67,GET,/metrics,metrics
agriai-engine,services/agriai-engine/main.py,196,POST,/recommend,recommend
agriai-engine,services/agriai-engine/main.py,242,POST,/simulate,simulate
agriai-engine,services/agriai-engine/main.py,251,POST,/plan,plan
agriai-engine,services/agriai-engine/main.py,261,POST,/replay/verify,replay_verify
ai_agronomist,services/ai_agronomist/main.py,113,GET,/healthz,healthz
ai_agronomist,services/ai_agronomist/main.py,118,GET,/healthz/ai-provider,ai_provider_snapshot
ai_agronomist,services/ai_agronomist/main.py,126,GET,/approvals/pending,list_pending_approvals
ai_agronomist,services/ai_agronomist/main.py,146,POST,/approvals/approve,approve_tool_request
ai_agronomist,services/ai_agronomist/main.py,198,POST,/approvals/deny,deny_tool_request
ai_agronomist,services/ai_agronomist/main.py,244,POST,/approvals/resume,resume_approved_tool
ai_agronomist,services/ai_agronomist/main.py,288,POST,/prescription/export-preview,prescription_export_preview
ai_agronomist,services/ai_agronomist/main.py,304,GET,/metrics,metrics
ai_agronomist,services/ai_agronomist/main.py,323,GET,/readyz,readyz
ai_agronomist,services/ai_agronomist/main.py,360,POST,/query,query
ai_agronomist,services/ai_agronomist/main.py,371,POST,/chat,chat
ai_agronomist,services/ai_agronomist/main.py,382,POST,/explain,explain
ai_agronomist,services/ai_agronomist/main.py,393,POST,/recommend,recommend
auth,services/auth/routers/email_verify.py,22,POST,/auth/verify/request,verify_request
auth,services/auth/routers/email_verify.py,55,POST,/auth/verify/confirm,verify_confirm
auth,services/auth/routers/email_verify.py,97,GET,/auth/verify,verify
auth,services/auth/routers/email_verify.py,107,GET,/auth/verify/status,verify_status
auth,services/auth/routers/invitations.py,25,POST,/auth/invitations,create_invitation
auth,services/auth/routers/invitations.py,84,GET,/auth/invitations,list_invitations
auth,services/auth/routers/invitations.py,115,POST,/auth/invitations/accept,accept_invitation
auth,services/auth/routers/invitations.py,190,DELETE,/auth/invitations/{invitation_id},revoke_invitation
auth,services/auth/routers/mfa.py,19,POST,/auth/mfa/setup,mfa_setup
auth,services/auth/routers/mfa.py,66,POST,/auth/mfa/activate,mfa_activate
auth,services/auth/routers/mfa.py,136,POST,/auth/mfa/disable,mfa_disable
auth,services/auth/routers/ops.py,21,GET,/metrics,metrics
auth,services/auth/routers/ops.py,27,GET,/healthz,health
auth,services/auth/routers/ops.py,27,GET,/health,health
auth,services/auth/routers/ops.py,32,GET,/readyz,readyz
auth,services/auth/routers/password_reset.py,21,POST,/auth/password-reset/request,request_password_reset
auth,services/auth/routers/password_reset.py,41,POST,/auth/password-reset/confirm,confirm_password_reset
auth,services/auth/routers/registration.py,19,POST,/auth/register,register
auth,services/auth/routers/registration.py,71,POST,/auth/change-password,change_password
auth,services/auth/routers/session.py,24,POST,/auth/login,login
auth,services/auth/routers/session.py,122,POST,/auth/refresh,refresh_token
auth,services/auth/routers/session.py,161,POST,/auth/logout,logout
auth,services/auth/routers/session.py,201,GET,/auth/me,me
auth,services/auth/routers/tenants.py,40,POST,/auth/tenants,provision_tenant
auth,services/auth/routers/users.py,22,GET,/auth/users,list_users
auth,services/auth/routers/users.py,31,PATCH,/auth/users/{user_id}/role,change_role
auth,services/auth/routers/users.py,73,PATCH,/auth/users/{user_id}/deactivate,deactivate_user
decision-service,services/decision-service/main.py,150,GET,/healthz,healthz
decision-service,services/decision-service/main.py,155,GET,/readyz,readyz
decision-service,services/decision-service/main.py,169,GET,/v1/cutover/readiness,cutover_readiness
decision-service,services/decision-service/main.py,179,GET,/contract,contract
decision-service,services/decision-service/main.py,212,POST,/v1/decisions/record,record_decision
decision-service,services/decision-service/main.py,238,POST,/v1/dispatch/decisions,record_dispatch
decision-service,services/decision-service/main.py,264,GET,/v1/dispatch/decisions,list_dispatch
decision-service,services/decision-service/main.py,278,POST,/v1/outcomes/record,record_outcome
decision-service,services/decision-service/main.py,304,POST,/v1/recommendation-outcomes,record_recommendation_outcome
decision-service,services/decision-service/main.py,329,POST,/v1/learning/updates,record_learning_update
decision-service,services/decision-service/main.py,360,GET,/v1/learning/summary,learning_summary
decision-service,services/decision-service/main.py,374,GET,/v1/decisions,list_decisions
decision-service,services/decision-service/main.py,403,GET,/v1/fields/{field_id}/lineage,field_lineage
decision-service,services/decision-service/main.py,419,GET,/v1/outcomes/reconciled,reconciled_outcomes
decision-service,services/decision-service/main.py,439,GET,/v1/decisions/{decision_id}/lineage,decision_lineage
edge-inference,services/edge-inference/main.py,168,GET,/healthz,health_check
edge-inference,services/edge-inference/main.py,200,POST,/inference/pest-detect,detect_pest
edge-inference,services/edge-inference/main.py,262,POST,/inference/yield-estimate,estimate_yield
edge-inference,services/edge-inference/main.py,328,POST,/sync/trigger,trigger_sync
edge-inference,services/edge-inference/main.py,360,GET,/capabilities,capabilities
edge-inference,services/edge-inference/main.py,365,GET,/readyz,readyz
field-segmentation,services/field-segmentation/main.py,370,GET,/healthz,healthz
field-segmentation,services/field-segmentation/main.py,375,GET,/health,legacy_health
field-segmentation,services/field-segmentation/main.py,380,GET,/readyz,readyz
field-segmentation,services/field-segmentation/main.py,391,POST,/segment,segment
guardrails-engine,services/guardrails-engine/routers/health.py,22,GET,/healthz,healthz
guardrails-engine,services/guardrails-engine/routers/health.py,22,GET,/health,healthz
guardrails-engine,services/guardrails-engine/routers/health.py,27,GET,/readyz,readyz
guardrails-engine,services/guardrails-engine/routers/health.py,46,GET,/metrics,metrics_endpoint
guardrails-engine,services/guardrails-engine/routers/validation.py,22,POST,/validate,validate_action
guardrails-engine,services/guardrails-engine/routers/validation.py,36,POST,/approve/{workflow_id},approve_workflow
guardrails-engine,services/guardrails-engine/routers/validation.py,56,GET,/workflow/{workflow_id},get_workflow
indicators-service,services/indicators-service/main.py,27,GET,/healthz,healthz
indicators-service,services/indicators-service/main.py,32,GET,/health,legacy_health
indicators-service,services/indicators-service/main.py,37,GET,/readyz,ready
indicators-service,services/indicators-service/main.py,50,GET,/capabilities,capabilities
indicators-service,services/indicators-service/main.py,67,GET,/contract,contract
indicators-service,services/indicators-service/main.py,79,POST,/v1/indicators/compute,compute_indicator
indicators-service,services/indicators-service/main.py,90,GET,/,root
knowledge-graph,services/knowledge-graph/main.py,89,GET,/healthz,healthz
knowledge-graph,services/knowledge-graph/main.py,94,GET,/metrics,metrics
knowledge-graph,services/knowledge-graph/main.py,111,GET,/readyz,readyz
knowledge-graph,services/knowledge-graph/main.py,120,POST,/nodes,upsert_node
knowledge-graph,services/knowledge-graph/main.py,128,POST,/edges,upsert_edge
knowledge-graph,services/knowledge-graph/main.py,137,GET,/edges,edges
knowledge-graph,services/knowledge-graph/main.py,151,POST,/graphql,graphql
local-ai-rag,services/local-ai-rag/main.py,420,POST,/query,query_endpoint
local-ai-rag,services/local-ai-rag/main.py,430,POST,/ingest,ingest_endpoint
local-ai-rag,services/local-ai-rag/main.py,482,GET,/healthz,healthz
local-ai-rag,services/local-ai-rag/main.py,500,GET,/health,legacy_health
local-ai-rag,services/local-ai-rag/main.py,505,GET,/readyz,readyz
mcp_servers,services/mcp_servers/generic_context_server.py,122,GET,/healthz,healthz
mcp_servers,services/mcp_servers/generic_context_server.py,127,GET,/readyz,readyz
mcp_servers,services/mcp_servers/generic_context_server.py,134,GET,/mcp/v1/tools,list_tools
mcp_servers,services/mcp_servers/generic_context_server.py,151,POST,/mcp/v1/tools/call,call_tool
mcp_servers,services/mcp_servers/market_server.py,546,GET,/mcp/v1/tools/list,mcp_tools_list
mcp_servers,services/mcp_servers/market_server.py,578,POST,/mcp/v1/tools/call,mcp_tools_call
mcp_servers,services/mcp_servers/market_server.py,632,GET,/products,api_search_products
mcp_servers,services/mcp_servers/market_server.py,644,GET,/suppliers/{supplier_id},api_get_supplier
mcp_servers,services/mcp_servers/market_server.py,649,POST,/procurement,api_create_procurement
mcp_servers,services/mcp_servers/market_server.py,655,GET,/procurement/{order_id},api_get_procurement
mcp_servers,services/mcp_servers/market_server.py,662,POST,/sales,api_create_sales
mcp_servers,services/mcp_servers/market_server.py,667,GET,/sales,api_search_sales
mcp_servers,services/mcp_servers/market_server.py,684,GET,/price-history/{category},api_price_history
mcp_servers,services/mcp_servers/market_server.py,691,GET,/analytics/{tenant_id},api_analytics
mcp_servers,services/mcp_servers/market_server.py,698,GET,/healthz,health
mcp_servers,services/mcp_servers/market_server.py,698,GET,/health,health
mcp_servers,services/mcp_servers/market_server.py,715,GET,/readyz,readyz
mcp_servers,services/mcp_servers/sentinel_hub_server.py,176,GET,/mcp/v1/tools,list_tools
mcp_servers,services/mcp_servers/sentinel_hub_server.py,239,POST,/mcp/v1/tools/call,call_tool
mcp_servers,services/mcp_servers/sentinel_hub_server.py,384,GET,/healthz,healthz
mcp_servers,services/mcp_servers/sentinel_hub_server.py,384,GET,/health,healthz
mcp_servers,services/mcp_servers/sentinel_hub_server.py,389,GET,/readyz,readyz
mcp_servers,services/mcp_servers/shared/streamable_http.py,33,POST,<dynamic>,stream_endpoint
mcp_servers,services/mcp_servers/weather_server.py,70,GET,/mcp/v1/tools,list_tools
mcp_servers,services/mcp_servers/weather_server.py,133,POST,/mcp/v1/tools/call,call_tool
mcp_servers,services/mcp_servers/weather_server.py,306,GET,/healthz,healthz
mcp_servers,services/mcp_servers/weather_server.py,306,GET,/health,healthz
mcp_servers,services/mcp_servers/weather_server.py,311,GET,/readyz,readyz
mcp_servers,services/mcp_servers/wofost_server.py,51,GET,/mcp/v1/tools,list_tools
mcp_servers,services/mcp_servers/wofost_server.py,114,POST,/mcp/v1/tools/call,call_tool
mcp_servers,services/mcp_servers/wofost_server.py,283,GET,/healthz,healthz
mcp_servers,services/mcp_servers/wofost_server.py,283,GET,/health,healthz
mcp_servers,services/mcp_servers/wofost_server.py,288,GET,/readyz,readyz
odoo-bridge,services/odoo-bridge/routers/catalog.py,17,GET,/erp/provider,erp_provider_status
odoo-bridge,services/odoo-bridge/routers/catalog.py,33,GET,/config,get_config
odoo-bridge,services/odoo-bridge/routers/catalog.py,50,GET,/logs,get_logs
odoo-bridge,services/odoo-bridge/routers/catalog.py,71,GET,/products,list_erp_products
odoo-bridge,services/odoo-bridge/routers/catalog.py,78,GET,/suppliers,list_erp_suppliers
odoo-bridge,services/odoo-bridge/routers/health.py,20,GET,/healthz,health
odoo-bridge,services/odoo-bridge/routers/health.py,20,GET,/health,health
odoo-bridge,services/odoo-bridge/routers/health.py,32,GET,/readyz,readyz
odoo-bridge,services/odoo-bridge/routers/sync.py,19,POST,/sync,trigger_sync
odoo-bridge,services/odoo-bridge/routers/webhooks.py,21,POST,/webhook/odoo,odoo_webhook
rag-retrieval,services/rag-retrieval/main.py,55,GET,/healthz,healthz
rag-retrieval,services/rag-retrieval/main.py,60,GET,/metrics,metrics
rag-retrieval,services/rag-retrieval/main.py,73,GET,/readyz,readyz
rag-retrieval,services/rag-retrieval/main.py,90,POST,/ingest,ingest
rag-retrieval,services/rag-retrieval/main.py,115,POST,/search,search
raster-service,services/raster-service/routers/analysis.py,30,POST,/zones/classify,zones_classify
raster-service,services/raster-service/routers/analysis.py,48,POST,/change/detect,change_detect
raster-service,services/raster-service/routers/analysis.py,85,POST,/fvc/compute,fvc_compute
raster-service,services/raster-service/routers/analysis.py,111,POST,/sar/rvi,sar_rvi_endpoint
raster-service,services/raster-service/routers/analysis.py,135,POST,/terrain/slope,terrain_slope
raster-service,services/raster-service/routers/analysis.py,153,GET,/cog/validate,cog_validate
raster-service,services/raster-service/routers/analysis.py,168,POST,/salinity/classify,salinity_classify
raster-service,services/raster-service/routers/analysis.py,175,POST,/salinity/calibrate,salinity_calibrate
raster-service,services/raster-service/routers/cdse_tiles.py,42,GET,/v1/fields/{field_id}/cdse-tiles/{z}/{x}/{y}.png,field_cdse_tile
raster-service,services/raster-service/routers/cdse_tiles.py,117,GET,/v1/fields/{field_id}/cdse-thumbnail.png,field_cdse_thumbnail
raster-service,services/raster-service/routers/cdse_tiles.py,167,GET,/v1/fields/{field_id}/cdse-tilejson,field_cdse_tilejson
raster-service,services/raster-service/routers/fields.py,88,POST,/v1/fields/{field_id}/process-from-stac,process_from_stac
raster-service,services/raster-service/routers/fields.py,173,POST,/v1/fields/{field_id}/imagery/backfill,field_historical_backfill
raster-service,services/raster-service/routers/fields.py,555,GET,/v1/fields/{field_id}/imagery/backfill/{run_id},field_backfill_run_status
raster-service,services/raster-service/routers/fields.py,573,POST,/v1/fields/{field_id}/geometry/versions,create_field_geometry_version
raster-service,services/raster-service/routers/fields.py,602,POST,/v1/fields/analytics/geoparquet/export,export_field_analytics_geoparquet
raster-service,services/raster-service/routers/fields.py,654,POST,/v1/fields/{field_id}/process-cdse,process_cdse
raster-service,services/raster-service/routers/fields.py,704,GET,/v1/fields/{field_id}/indicator-grid,field_indicator_grid
raster-service,services/raster-service/routers/fields.py,738,GET,/v1/fields/{field_id}/pixel,field_pixel_value
raster-service,services/raster-service/routers/fields.py,817,POST,/v1/fields/{field_id}/prescription,field_prescription
raster-service,services/raster-service/routers/fields.py,864,POST,/v1/fields/{field_id}/change,field_change
raster-service,services/raster-service/routers/fields.py,921,GET,/v1/fields/{field_id}/timeseries,field_timeseries
raster-service,services/raster-service/routers/fields.py,1005,GET,/v1/fields/{field_id}/tiles/{z}/{x}/{y}.png,field_tile
raster-service,services/raster-service/routers/fields.py,1079,GET,/v1/fields/{field_id}/available-dates,field_available_dates
raster-service,services/raster-service/routers/fields.py,1192,GET,/v1/fields/{field_id}/terrain,field_terrain
raster-service,services/raster-service/routers/fields.py,1241,GET,/v1/fields/{field_id}/tilejson,field_tilejson
raster-service,services/raster-service/routers/imagery.py,22,GET,/v1/imagery/backfill/policy,historical_backfill_policy
raster-service,services/raster-service/routers/imagery.py,44,GET,/v1/imagery/quality/policy,imagery_quality_policy
raster-service,services/raster-service/routers/imagery.py,78,POST,/v1/imagery/scenes/rank,rank_imagery_scenes
raster-service,services/raster-service/routers/imagery.py,91,POST,/v1/imagery/mosaic/plan,imagery_mosaic_plan
raster-service,services/raster-service/routers/imagery.py,114,POST,/v1/scenes/quality-score,scene_quality_score
raster-service,services/raster-service/routers/imagery.py,130,POST,/v1/cog/registry/preview,cog_registry_preview
raster-service,services/raster-service/routers/imagery_search.py,24,GET,/imagery/search/recent,imagery_search_recent
raster-service,services/raster-service/routers/imagery_search.py,43,GET,/imagery/search/season,imagery_search_season
raster-service,services/raster-service/routers/imagery_search.py,65,GET,/imagery/best,imagery_best_scene
raster-service,services/raster-service/routers/imagery_search.py,120,POST,/imagery/search,imagery_search
raster-service,services/raster-service/routers/imagery_search.py,132,GET,/imagery/search/radar,imagery_search_radar
raster-service,services/raster-service/routers/imagery_search.py,157,GET,/imagery/search/landsat,imagery_search_landsat
raster-service,services/raster-service/routers/imagery_search.py,157,GET,/imagery/search/landsat-thermal,imagery_search_landsat
raster-service,services/raster-service/routers/imagery_search.py,186,GET,/imagery/dem,imagery_dem
raster-service,services/raster-service/routers/jobs.py,19,GET,/jobs/{job_id},job_status
raster-service,services/raster-service/routers/jobs.py,37,GET,/jobs/{job_id}/result,job_result
raster-service,services/raster-service/routers/observability.py,31,GET,/healthz,healthz
raster-service,services/raster-service/routers/observability.py,36,GET,/metrics,metrics
raster-service,services/raster-service/routers/observability.py,117,GET,/v1/tiles/observability,tile_observability
raster-service,services/raster-service/routers/observability.py,158,GET,/readyz,readyz
raster-service,services/raster-service/routers/observability.py,179,GET,/v1/tile-cache/stats,tile_cache_stats
raster-service,services/raster-service/routers/observability.py,200,GET,/info/{layer_id},raster_info
raster-service,services/raster-service/routers/observability.py,210,GET,/v1/providers/status,providers_status
raster-service,services/raster-service/routers/observability.py,240,GET,/indices,field_indices
raster-service,services/raster-service/routers/processing.py,24,POST,/process,process_raster
raster-service,services/raster-service/routers/processing.py,55,POST,/raw/process,process_raw_data
raster-service,services/raster-service/routers/processing.py,74,POST,/process/batch,process_batch
raster-service,services/raster-service/routers/soil_tiles.py,37,GET,/v1/soil/tiles/{prop}/{depth}/{z}/{x}/{y}.png,soil_tile
raster-service,services/raster-service/routers/soil_tiles.py,52,GET,/v1/soil/tilejson,soil_tilejson
raster-service,services/raster-service/routers/soil_tiles.py,100,GET,/v1/soil/properties,soil_properties
raster-service,services/raster-service/routers/soil_tiles.py,144,GET,/v1/fields/{field_id}/soil/summary,field_soil_summary
raster-service,services/raster-service/routers/soil_tiles.py,166,GET,/v1/fields/{field_id}/soil/sampling-zones.geojson,field_soil_sampling_zones
raster-service,services/raster-service/routers/soil_tiles.py,193,GET,/v1/fields/{field_id}/soil/sampling-plan,field_soil_sampling_plan
raster-service,services/raster-service/routers/stac.py,17,GET,/stac,stac_landing
raster-service,services/raster-service/routers/stac.py,25,GET,/stac/collections,stac_collections
raster-service,services/raster-service/routers/stac.py,33,POST,/stac/mosaicjson,stac_mosaicjson
raster-service,services/raster-service/routers/storage.py,26,POST,/upload/raster,upload_raster
raster-service,services/raster-service/routers/storage.py,43,POST,/upload/drone,upload_drone
raster-service,services/raster-service/routers/storage.py,65,GET,/storage/stats,storage_stats
raster-service,services/raster-service/routers/storage.py,74,POST,/storage/cleanup,storage_cleanup
raster-service,services/raster-service/routers/storage.py,87,GET,/offline/packs,list_offline_packs
raster-service,services/raster-service/routers/storage.py,115,GET,/offline/packs/{pack_name},download_offline_pack
raster-service,services/raster-service/routers/terrain_tiles.py,45,GET,/v1/terrain/status,terrain_status
raster-service,services/raster-service/routers/terrain_tiles.py,63,GET,/v1/elevation/hillshade/{z}/{x}/{y}.png,hillshade_tile
raster-service,services/raster-service/routers/terrain_tiles.py,77,GET,/v1/slope/{z}/{x}/{y}.png,slope_tile
raster-service,services/raster-service/routers/terrain_tiles.py,91,GET,/v1/terrain/tilejson,terrain_tilejson
raster-service,services/raster-service/routers/terrain_tiles.py,146,GET,/v1/fields/{field_id}/contours.geojson,field_contours
raster-service,services/raster-service/routers/tiles.py,23,GET,/tiles/{layer_id}/{z}/{x}/{y}.png,get_tile
raster-service,services/raster-service/routers/tiles.py,37,GET,/layers/{layer_id}/tilejson,layer_tilejson
raster-service,services/raster-service/routers/timeseries_routes.py,24,GET,/imagery/timeseries,imagery_timeseries
raster-service,services/raster-service/routers/timeseries_routes.py,77,POST,/imagery/timeseries/analyze,imagery_timeseries_analyze
raster-service,services/raster-service/routers/timeseries_routes.py,92,POST,/imagery/timeseries/parallel,imagery_timeseries_parallel
sahool-platform,services/sahool-platform/api/chat_proxy_reference.py,110,POST,/api/chat,chat
sahool-platform,services/sahool-platform/api/phase10_continuous_learning.py,147,POST,/feature-schema,feature_schema
sahool-platform,services/sahool-platform/api/phase10_continuous_learning.py,152,POST,/dataset,dataset
sahool-platform,services/sahool-platform/api/phase10_continuous_learning.py,162,POST,/models/promote,model_promotion
sahool-platform,services/sahool-platform/api/phase10_continuous_learning.py,172,POST,/online-update,online_update
sahool-platform,services/sahool-platform/api/phase10_continuous_learning.py,182,POST,/experiments/evaluate,experiment_evaluation
sahool-platform,services/sahool-platform/api/phase10_continuous_learning.py,192,POST,/scenario,scenario
sahool-platform,services/sahool-platform/api/phase10_continuous_learning.py,197,POST,/cycle,learning_cycle
sahool-platform,services/sahool-platform/api/phase10_continuous_learning.py,209,POST,/drift,drift
sahool-platform,services/sahool-platform/api/phase10_continuous_learning.py,218,POST,/retraining/plan,retraining_plan
sahool-platform,services/sahool-platform/api/phase10_continuous_learning.py,225,POST,/champion-challenger,champion_challenger
sahool-platform,services/sahool-platform/api/phase10_continuous_learning.py,237,POST,/feature-store/register,feature_store_register
sahool-platform,services/sahool-platform/api/phase10_continuous_learning.py,244,POST,/feature-store/offline-dataset,feature_store_offline_dataset
sahool-platform,services/sahool-platform/api/phase10_continuous_learning.py,254,POST,/feature-store/online-materialization,feature_store_online_materialization
sahool-platform,services/sahool-platform/api/phase10_continuous_learning.py,262,POST,/feature-store/point-in-time,feature_store_point_in_time
sahool-platform,services/sahool-platform/api/phase10_continuous_learning.py,269,POST,/models/register,model_register
sahool-platform,services/sahool-platform/api/phase10_continuous_learning.py,284,POST,/models/serving/promote,model_serving_promote
sahool-platform,services/sahool-platform/api/phase10_continuous_learning.py,291,POST,/models/serving/rollback,model_serving_rollback
sahool-platform,services/sahool-platform/api/phase10_continuous_learning.py,301,GET,/models/serving/{alias:path},model_serving_resolve
sahool-platform,services/sahool-platform/api/phase11_federated_agents.py,115,POST,/context,context
sahool-platform,services/sahool-platform/api/phase11_federated_agents.py,125,POST,/agents/propose,agents_propose
sahool-platform,services/sahool-platform/api/phase11_federated_agents.py,132,POST,/consensus,consensus
sahool-platform,services/sahool-platform/api/phase11_federated_agents.py,142,POST,/operation-plan,operation_plan
sahool-platform,services/sahool-platform/api/phase11_federated_agents.py,152,POST,/experiments/shadow,shadow_experiment
sahool-platform,services/sahool-platform/api/phase11_federated_agents.py,166,POST,/quality,quality
sahool-platform,services/sahool-platform/api/phase11_federated_agents.py,171,POST,/cycle,cycle
sahool-platform,services/sahool-platform/api/phase11_federated_agents.py,195,POST,/runtime/resolve,runtime_resolve
sahool-platform,services/sahool-platform/api/phase11_federated_agents.py,206,POST,/runtime/authority-envelope,runtime_authority_envelope
sahool-platform,services/sahool-platform/api/phase11_federated_agents.py,213,POST,/runtime/reputation/update,runtime_reputation_update
sahool-platform,services/sahool-platform/api/phase11_federated_agents.py,224,POST,/runtime/event-envelope,runtime_event_envelope
sahool-platform,services/sahool-platform/api/phase12_marketplace_ecosystem.py,133,POST,/plugins/validate,validate_plugin
sahool-platform,services/sahool-platform/api/phase12_marketplace_ecosystem.py,137,POST,/marketplace/apps,create_marketplace_app
sahool-platform,services/sahool-platform/api/phase12_marketplace_ecosystem.py,143,POST,/marketplace/installations,install_app
sahool-platform,services/sahool-platform/api/phase12_marketplace_ecosystem.py,155,POST,/plugins/sandbox-policy,sandbox_policy
sahool-platform,services/sahool-platform/api/phase12_marketplace_ecosystem.py,159,POST,/webhooks,create_webhook
sahool-platform,services/sahool-platform/api/phase12_marketplace_ecosystem.py,167,POST,/webhooks/delivery-plan,webhook_delivery_plan
sahool-platform,services/sahool-platform/api/phase12_marketplace_ecosystem.py,171,POST,/connectors/descriptor,connector_descriptor
sahool-platform,services/sahool-platform/api/phase12_marketplace_ecosystem.py,185,GET,/sdk/manifest,sdk_manifest
sahool-platform,services/sahool-platform/api/phase12_marketplace_ecosystem.py,189,GET,/graphql/schema,graphql_schema
sahool-platform,services/sahool-platform/api/phase12_marketplace_ecosystem.py,193,GET,/developer-portal/index,developer_portal_index
sahool-platform,services/sahool-platform/api/phase12_marketplace_ecosystem.py,197,POST,/usage,usage_record
sahool-platform,services/sahool-platform/api/phase12_marketplace_ecosystem.py,207,POST,/quota/check,quota_check
sahool-platform,services/sahool-platform/api/phase12_marketplace_ecosystem.py,211,POST,/plugins/runtime/plan,plugin_runtime_plan
sahool-platform,services/sahool-platform/api/phase12_marketplace_ecosystem.py,222,POST,/plugins/runtime/validate-output,plugin_runtime_validate_output
sahool-platform,services/sahool-platform/api/phase12_marketplace_ecosystem.py,226,POST,/plugins/runtime/event-envelope,plugin_runtime_event_envelope
sahool-platform,services/sahool-platform/api/phase12_marketplace_ecosystem.py,235,POST,/plugins/runtime/report,plugin_runtime_report
sahool-platform,services/sahool-platform/api/phase12_marketplace_ecosystem.py,239,POST,/cycle,ecosystem_cycle
sahool-platform,services/sahool-platform/api/phase9_autonomous_farm_os.py,112,POST,/plan,create_execution_plan
sahool-platform,services/sahool-platform/api/phase9_autonomous_farm_os.py,134,POST,/verify,verify_execution
sahool-platform,services/sahool-platform/api/phase9_autonomous_farm_os.py,148,POST,/cycle,run_cycle
sahool-platform,services/sahool-platform/api/phase9_autonomous_farm_os.py,175,POST,/models/register,register_model
sahool-platform,services/sahool-platform/api/phase9_autonomous_farm_os.py,189,POST,/experiments/assign,assign_variant
sahool-platform,services/sahool-platform/api/phase9_autonomous_farm_os.py,196,POST,/events/from-plan,events_from_plan
sahool-platform,services/sahool-platform/api/phase9_autonomous_farm_os.py,202,POST,/events/replay,replay_events
sahool-platform,services/sahool-platform/api/phase9_autonomous_farm_os.py,207,POST,/verify-loop,command_verification_loop
sahool-platform,services/sahool-platform/api/phase9_autonomous_farm_os.py,217,POST,/iot/dispatch/preview,preview_iot_dispatch
sahool-platform,services/sahool-platform/api/phase9_autonomous_farm_os.py,230,POST,/iot/dispatch/simulate,simulate_iot_dispatch
sahool-platform,services/sahool-platform/api/phase9_autonomous_farm_os.py,251,POST,/iot/telemetry/verify,verify_iot_telemetry
sahool-platform,services/sahool-platform/api/routers/admin.py,35,GET,/api/v1/admin/events/dead-letter,admin_events_dead_letter
sahool-platform,services/sahool-platform/api/routers/admin.py,83,POST,/api/v1/admin/events/dead-letter/{outbox_id}/requeue,admin_requeue_dead_letter
sahool-platform,services/sahool-platform/api/routers/admin.py,101,POST,/api/v1/admin/events/dead-letter/requeue-all,admin_requeue_all_dead_letter
sahool-platform,services/sahool-platform/api/routers/admin.py,122,GET,/api/v1/admin/outbox/dead-letter,admin_outbox_dead_letter
sahool-platform,services/sahool-platform/api/routers/admin.py,159,POST,/api/v1/admin/outbox/dead-letter/requeue,admin_outbox_requeue_dead_letter
sahool-platform,services/sahool-platform/api/routers/agricultural_proverbs.py,22,GET,/api/v1/agricultural-proverbs/for-date,agricultural_proverbs_for_date
sahool-platform,services/sahool-platform/api/routers/agricultural_proverbs.py,30,GET,/api/v1/agricultural-proverbs,agricultural_proverbs
sahool-platform,services/sahool-platform/api/routers/agro_intelligence.py,154,POST,/api/v1/agro/crop-risk,crop_risk_endpoint
sahool-platform,services/sahool-platform/api/routers/agro_intelligence.py,167,POST,/api/v1/agro/plant-soil-feedback,plant_soil_feedback_endpoint
sahool-platform,services/sahool-platform/api/routers/agro_intelligence.py,175,POST,/api/v1/agro/plant-soil-feedback/trend,plant_soil_feedback_trend_endpoint
sahool-platform,services/sahool-platform/api/routers/agro_intelligence.py,189,POST,/api/v1/agro/crop-rotation,crop_rotation_endpoint
sahool-platform,services/sahool-platform/api/routers/agro_intelligence.py,206,POST,/api/v1/agro/season-comparison,season_comparison_endpoint
sahool-platform,services/sahool-platform/api/routers/agro_intelligence.py,214,POST,/api/v1/agro/decision-playbook,decision_playbook_endpoint
sahool-platform,services/sahool-platform/api/routers/agro_intelligence.py,303,POST,/api/v1/work-orders/from-recommendation,work_order_from_recommendation_endpoint
sahool-platform,services/sahool-platform/api/routers/agro_zones.py,29,GET,/api/v1/agro-zones/list,agro_zones_list_endpoint
sahool-platform,services/sahool-platform/api/routers/agro_zones.py,35,GET,/api/v1/agro-zones/profile,agro_zone_profile_endpoint
sahool-platform,services/sahool-platform/api/routers/agro_zones.py,41,GET,/api/v1/agro-zones/identify,agro_zone_identify_endpoint
sahool-platform,services/sahool-platform/api/routers/agro_zones.py,47,GET,/api/v1/agro-zones/suited-crops,agro_zone_suited_endpoint
sahool-platform,services/sahool-platform/api/routers/agro_zones.py,53,GET,/api/v1/agro-zones/by-elevation,agro_zone_elevation_endpoint
sahool-platform,services/sahool-platform/api/routers/agro_zones.py,61,GET,/api/v1/agro-zones/identify-smart,agro_zone_identify_smart_endpoint
sahool-platform,services/sahool-platform/api/routers/agronomic_replay.py,54,GET,/api/v1/fields/{field_id}/agronomic-replay,agronomic_replay_endpoint
sahool-platform,services/sahool-platform/api/routers/ai_models.py,21,GET,/api/v1/ai/models,list_ai_models
sahool-platform,services/sahool-platform/api/routers/alerts.py,51,GET,/api/v1/alerts,list_alerts
sahool-platform,services/sahool-platform/api/routers/alerts.py,98,POST,/api/v1/alerts,create_alert
sahool-platform,services/sahool-platform/api/routers/alerts.py,205,PATCH,/api/v1/alerts/{alert_id}/acknowledge,acknowledge_alert
sahool-platform,services/sahool-platform/api/routers/analytics.py,29,GET,/api/v1/analytics/costs,analytics_costs
sahool-platform,services/sahool-platform/api/routers/analytics.py,57,GET,/api/v1/analytics/costs/by-field,analytics_costs_by_field
sahool-platform,services/sahool-platform/api/routers/aromatic_crops.py,25,GET,/api/v1/aromatic-crops/list,aromatic_crops_list_endpoint
sahool-platform,services/sahool-platform/api/routers/astronomical_timing.py,29,GET,/api/v1/astronomical-timing/stars,astronomical_stars
sahool-platform,services/sahool-platform/api/routers/astronomical_timing.py,35,POST,/api/v1/astronomical-timing/cross-check,astronomical_cross_check
sahool-platform,services/sahool-platform/api/routers/auth.py,47,POST,/api/v1/auth/login,login
sahool-platform,services/sahool-platform/api/routers/auth.py,91,GET,/api/v1/auth/me,auth_me
sahool-platform,services/sahool-platform/api/routers/auth.py,104,POST,/api/v1/auth/logout,auth_logout
sahool-platform,services/sahool-platform/api/routers/auth.py,132,POST,/api/v1/auth/signup,auth_signup
sahool-platform,services/sahool-platform/api/routers/automation.py,42,GET,/api/v1/automation/scheduler-status,scheduler_status_endpoint
sahool-platform,services/sahool-platform/api/routers/automation.py,57,GET,/api/v1/automation/runs,automation_runs_endpoint
sahool-platform,services/sahool-platform/api/routers/automation.py,76,POST,/api/v1/automation/weather/register,weather_register_endpoint
sahool-platform,services/sahool-platform/api/routers/automation.py,99,GET,/api/v1/automation/weather/cached,weather_cached_endpoint
sahool-platform,services/sahool-platform/api/routers/automation.py,118,GET,/api/v1/automation/weather/status,weather_automation_status_endpoint
sahool-platform,services/sahool-platform/api/routers/automation.py,126,POST,/api/v1/automation/imagery/register-field,imagery_register_field_endpoint
sahool-platform,services/sahool-platform/api/routers/automation.py,152,GET,/api/v1/automation/imagery/status,imagery_automation_status_endpoint
sahool-platform,services/sahool-platform/api/routers/automation.py,164,POST,/api/v1/automation/alerts/run,automation_run_alerts_endpoint
sahool-platform,services/sahool-platform/api/routers/boundaries.py,36,PATCH,/api/v1/fields/{field_id}/boundary/review,review_field_boundary
sahool-platform,services/sahool-platform/api/routers/boundaries.py,79,POST,/api/v1/fields/{field_id}/boundary/score,score_field_boundary
sahool-platform,services/sahool-platform/api/routers/boundaries.py,181,POST,/api/v1/fields/{field_id}/boundary/clean,clean_field_boundary
sahool-platform,services/sahool-platform/api/routers/boundaries.py,244,POST,/api/v1/fields/boundary-graph/rebuild,rebuild_boundary_graph
sahool-platform,services/sahool-platform/api/routers/boundaries.py,265,GET,/api/v1/fields/{field_id}/boundary-graph,get_field_boundary_graph
sahool-platform,services/sahool-platform/api/routers/break_glass.py,141,POST,/api/v1/admin/break-glass,request_break_glass
sahool-platform,services/sahool-platform/api/routers/break_glass.py,318,GET,/api/v1/admin/break-glass/{token}/fields,break_glass_read_fields
sahool-platform,services/sahool-platform/api/routers/break_glass.py,358,DELETE,/api/v1/admin/break-glass/{grant_id},revoke_break_glass
sahool-platform,services/sahool-platform/api/routers/calendars.py,21,GET,/api/v1/calendars/today,calendars_today
sahool-platform,services/sahool-platform/api/routers/calendars.py,53,GET,/api/v1/calendars/lunar-mansions,calendars_lunar_mansions
sahool-platform,services/sahool-platform/api/routers/calendars.py,61,GET,/api/v1/calendars/himyarite-months,calendars_himyarite_months
sahool-platform,services/sahool-platform/api/routers/calendars.py,69,GET,/api/v1/calendars/regional-profiles,calendars_regional_profiles
sahool-platform,services/sahool-platform/api/routers/calendars.py,77,GET,/api/v1/calendars/context,calendars_context
sahool-platform,services/sahool-platform/api/routers/calibration.py,95,GET,/api/v1/calibration,list_calibration
sahool-platform,services/sahool-platform/api/routers/calibration.py,106,GET,/api/v1/calibration/{region},get_region_calibration
sahool-platform,services/sahool-platform/api/routers/calibration.py,124,POST,/api/v1/calibration/{region}/evidence,compute_region_evidence
sahool-platform,services/sahool-platform/api/routers/calibration.py,144,GET,/api/v1/calibration/{region}/evidence/persisted,get_persisted_region_evidence
sahool-platform,services/sahool-platform/api/routers/calibration.py,196,POST,/api/v1/calibration/feedback,compute_learning_feedback
sahool-platform,services/sahool-platform/api/routers/calibration.py,214,POST,/api/v1/calibration/{region}/adapt,propose_region_adaptation
sahool-platform,services/sahool-platform/api/routers/calibration.py,247,POST,/api/v1/calibration/{region}/adapt-from-evidence,propose_region_adaptation_from_evidence
sahool-platform,services/sahool-platform/api/routers/calibration.py,302,POST,/api/v1/calibration/{region}/adapt-from-evidence/apply,apply_region_adaptation_from_evidence
sahool-platform,services/sahool-platform/api/routers/calibration.py,420,POST,/api/v1/calibration/{region}/propose-values,propose_region_values
sahool-platform,services/sahool-platform/api/routers/calibration.py,443,POST,/api/v1/calibration/{region}/override,set_region_override
sahool-platform,services/sahool-platform/api/routers/calibration.py,509,GET,/api/v1/calibration/{region}/resolved,get_resolved_region_calibration
sahool-platform,services/sahool-platform/api/routers/calibration.py,538,GET,/api/v1/calibration/overrides/all,list_region_overrides
sahool-platform,services/sahool-platform/api/routers/calibration.py,571,DELETE,/api/v1/calibration/{region}/override,delete_region_override
sahool-platform,services/sahool-platform/api/routers/calibration.py,617,GET,/api/v1/calibration/{region}/audit,get_region_calibration_audit
sahool-platform,services/sahool-platform/api/routers/cameras.py,37,POST,/api/v1/cameras/register,cameras_register
sahool-platform,services/sahool-platform/api/routers/cameras.py,58,POST,/api/v1/cameras/snapshot-evidence,cameras_snapshot_evidence
sahool-platform,services/sahool-platform/api/routers/capabilities.py,22,GET,/api/v1/capabilities,list_capabilities
sahool-platform,services/sahool-platform/api/routers/chemical_safety.py,31,POST,/api/v1/chemical-safety/check,chemical_safety_check
sahool-platform,services/sahool-platform/api/routers/chemical_safety.py,40,GET,/api/v1/chemical-safety/banned,chemical_safety_banned
sahool-platform,services/sahool-platform/api/routers/climate_analogs.py,28,GET,/api/v1/climate-analogs/list,climate_analogs_list_endpoint
sahool-platform,services/sahool-platform/api/routers/climate_analogs.py,34,GET,/api/v1/climate-analogs/detail,climate_analogs_detail_endpoint
sahool-platform,services/sahool-platform/api/routers/climate_analogs.py,40,GET,/api/v1/climate-analogs/desert-crops,climate_analogs_crops_endpoint
sahool-platform,services/sahool-platform/api/routers/climate_analogs.py,46,GET,/api/v1/climate-analogs/strategic-tiers,climate_analogs_strategic_endpoint
sahool-platform,services/sahool-platform/api/routers/climate_analogs.py,54,GET,/api/v1/climate-analogs/strategy,climate_analogs_strategy_endpoint
sahool-platform,services/sahool-platform/api/routers/coffee.py,34,GET,/api/v1/coffee/site-suitability,coffee_site_endpoint
sahool-platform,services/sahool-platform/api/routers/coffee.py,40,GET,/api/v1/coffee/guide,coffee_guide_endpoint
sahool-platform,services/sahool-platform/api/routers/coffee.py,46,GET,/api/v1/coffee/varieties,coffee_varieties_endpoint
sahool-platform,services/sahool-platform/api/routers/coffee.py,52,GET,/api/v1/coffee/pests,coffee_pests_endpoint
sahool-platform,services/sahool-platform/api/routers/commands.py,31,GET,/api/v1/commands/{command_id},get_command
sahool-platform,services/sahool-platform/api/routers/compat_gateway.py,31,GET,/api/indicators/readyz,indicators_readyz_alias
sahool-platform,services/sahool-platform/api/routers/compat_gateway.py,37,GET,/api/weather/readyz,weather_readyz_alias
sahool-platform,services/sahool-platform/api/routers/compat_gateway.py,43,GET,/api/vegetation/readyz,vegetation_readyz_alias
sahool-platform,services/sahool-platform/api/routers/compat_gateway.py,48,GET,/api/agent/health,agent_health_alias
sahool-platform,services/sahool-platform/api/routers/compat_gateway.py,53,GET,/api/vegetation/v1/all_fields,vegetation_all_fields_passthrough
sahool-platform,services/sahool-platform/api/routers/compat_gateway.py,80,GET,/api/vegetation/v1/analyze,vegetation_analyze_passthrough
sahool-platform,services/sahool-platform/api/routers/compat_gateway.py,114,GET,/api/raster/{path:path},raster_api_passthrough
sahool-platform,services/sahool-platform/api/routers/confidence.py,35,POST,/api/v1/confidence/ndvi,ndvi_confidence
sahool-platform,services/sahool-platform/api/routers/confidence.py,54,POST,/api/v1/confidence/irrigation,irrigation_rec_confidence
sahool-platform,services/sahool-platform/api/routers/confidence_gate.py,27,POST,/api/v1/confidence-gate,confidence_gate
sahool-platform,services/sahool-platform/api/routers/consistency.py,35,GET,/api/v1/consistency/irrigation,consistency_irrigation_endpoint
sahool-platform,services/sahool-platform/api/routers/consistency.py,57,GET,/api/v1/consistency/freshness,consistency_freshness_endpoint
sahool-platform,services/sahool-platform/api/routers/crop_cards.py,33,GET,/api/v1/crop-cards,crop_cards_index
sahool-platform,services/sahool-platform/api/routers/crop_cards.py,58,GET,/api/v1/crop-cards/crop/{crop_id},crop_card_detail
sahool-platform,services/sahool-platform/api/routers/crop_cards.py,70,GET,/api/v1/crop-cards/variety/{variety_id},variety_card_detail
sahool-platform,services/sahool-platform/api/routers/crop_cards.py,83,GET,/api/v1/crop-cards/variety/{variety_id}/salinity-suitability,variety_salinity_suitability
sahool-platform,services/sahool-platform/api/routers/crop_cards.py,96,GET,/api/v1/crop-cards/variety/{variety_id}/expected-harvest,variety_expected_harvest
sahool-platform,services/sahool-platform/api/routers/crop_cards.py,113,GET,/api/v1/crop-cards/variety/{variety_id}/disease-watch,variety_disease_watch_endpoint
sahool-platform,services/sahool-platform/api/routers/crop_operations.py,24,GET,/api/v1/crops/{crop_id}/operations-calendar,crop_operations_calendar_endpoint
sahool-platform,services/sahool-platform/api/routers/crop_suitability.py,31,POST,/api/v1/crop-suitability,crop_suitability
sahool-platform,services/sahool-platform/api/routers/crop_twin.py,187,POST,/api/v1/crop-twin/compose,compose_crop_twin
sahool-platform,services/sahool-platform/api/routers/crop_twin.py,278,POST,/api/v1/crop-twin/decision,crop_decision_endpoint
sahool-platform,services/sahool-platform/api/routers/crop_twin.py,405,POST,/api/v1/crop-twin/decision/profit-aware,profit_aware_decision_endpoint
sahool-platform,services/sahool-platform/api/routers/crops.py,26,GET,/api/v1/crops/drought-resilience,crop_drought_resilience
sahool-platform,services/sahool-platform/api/routers/crops.py,47,GET,/api/v1/crops/compare-drought-resilience,compare_drought_resilience
sahool-platform,services/sahool-platform/api/routers/cultural_calendar.py,24,GET,/api/v1/cultural-calendar,cultural_calendar
sahool-platform,services/sahool-platform/api/routers/data_readiness.py,30,POST,/api/v1/data-readiness,data_readiness
sahool-platform,services/sahool-platform/api/routers/decision.py,33,GET,/api/v1/decision/for-location,decision_for_location_endpoint
sahool-platform,services/sahool-platform/api/routers/decision.py,48,GET,/api/v1/decision/explain,decision_explain_endpoint
sahool-platform,services/sahool-platform/api/routers/decision_confidence.py,74,GET,/api/v1/fields/{field_id}/decision-confidence,decision_confidence_endpoint
sahool-platform,services/sahool-platform/api/routers/decision_dispatch.py,125,POST,/api/v1/decision/unified,unified_decision_endpoint
sahool-platform,services/sahool-platform/api/routers/decision_dispatch.py,194,POST,/api/v1/decision/dispatch/evaluate,evaluate_dispatch_endpoint
sahool-platform,services/sahool-platform/api/routers/decision_dispatch.py,243,POST,/api/v1/decision/dispatch/execute,execute_dispatch_endpoint
sahool-platform,services/sahool-platform/api/routers/decision_dispatch.py,426,POST,/api/v1/decision/dispatch/consume,consume_dispatch_queue
sahool-platform,services/sahool-platform/api/routers/decision_dispatch.py,473,GET,/api/v1/decision/dispatch/decisions,list_dispatch_decisions
sahool-platform,services/sahool-platform/api/routers/decision_dispatch.py,505,GET,/api/v1/decision/dispatch/queue,list_dispatch_queue
sahool-platform,services/sahool-platform/api/routers/decision_dispatch.py,561,POST,/api/v1/decision/ledger,record_execution_outcome
sahool-platform,services/sahool-platform/api/routers/decision_dispatch.py,656,GET,/api/v1/decision/ledger,list_execution_ledger
sahool-platform,services/sahool-platform/api/routers/decision_explain.py,63,GET,/api/v1/decision/{decision_id}/explain,explain_decision_endpoint
sahool-platform,services/sahool-platform/api/routers/decision_impact.py,103,GET,/api/v1/decision/impact,get_impact
sahool-platform,services/sahool-platform/api/routers/decision_impact.py,119,GET,/api/v1/decision/learning,get_learning
sahool-platform,services/sahool-platform/api/routers/decision_impact.py,142,GET,/api/v1/decision/economics,get_decision_economics
sahool-platform,services/sahool-platform/api/routers/decision_policies.py,82,POST,/api/v1/decision/policies,create_policy
sahool-platform,services/sahool-platform/api/routers/decision_policies.py,113,GET,/api/v1/decision/policies,list_policies
sahool-platform,services/sahool-platform/api/routers/decision_policies.py,148,POST,/api/v1/decision/policies/resolve,resolve_policy_endpoint
sahool-platform,services/sahool-platform/api/routers/decision_record.py,325,POST,/api/v1/decision/record,record_decision
sahool-platform,services/sahool-platform/api/routers/decision_record.py,427,POST,/api/v1/outcome/record,record_outcome
sahool-platform,services/sahool-platform/api/routers/decision_record.py,533,GET,/api/v1/decision/{decision_id}/lineage,get_decision_lineage
sahool-platform,services/sahool-platform/api/routers/decision_record.py,573,GET,/api/v1/decision/records,list_decision_records
sahool-platform,services/sahool-platform/api/routers/decision_record.py,624,GET,/api/v1/field/{field_id}/lineage,get_field_lineage
sahool-platform,services/sahool-platform/api/routers/device_twin.py,79,GET,/api/v1/devices/twin,device_twin_endpoint
sahool-platform,services/sahool-platform/api/routers/devices.py,42,POST,/api/v1/devices,register_device
sahool-platform,services/sahool-platform/api/routers/devices.py,97,GET,/api/v1/devices,list_devices
sahool-platform,services/sahool-platform/api/routers/devices.py,123,POST,/api/v1/devices/{device_id}/telemetry,ingest_telemetry
sahool-platform,services/sahool-platform/api/routers/devices.py,167,GET,/api/v1/devices/{device_id}/telemetry,list_telemetry
sahool-platform,services/sahool-platform/api/routers/devices.py,192,GET,/api/v1/devices/fleet-health,devices_fleet_health
sahool-platform,services/sahool-platform/api/routers/diagnose.py,32,POST,/api/v1/diagnose,diagnose_symptoms
sahool-platform,services/sahool-platform/api/routers/diagnose.py,91,GET,/api/v1/diagnose/symptoms,diagnosis_symptom_catalog
sahool-platform,services/sahool-platform/api/routers/districts.py,25,GET,/api/v1/districts,districts_index
sahool-platform,services/sahool-platform/api/routers/districts.py,48,GET,/api/v1/districts/{district_id},district_detail
sahool-platform,services/sahool-platform/api/routers/districts.py,60,GET,/api/v1/districts/{district_id}/active-pests,district_active_pests
sahool-platform,services/sahool-platform/api/routers/documents.py,36,POST,/api/v1/documents,register_document
sahool-platform,services/sahool-platform/api/routers/documents.py,88,GET,/api/v1/documents,list_documents
sahool-platform,services/sahool-platform/api/routers/documents.py,127,GET,/api/v1/documents/{doc_id},get_document
sahool-platform,services/sahool-platform/api/routers/drawing_features.py,413,GET,/api/v1/fields/{field_id}/drawing-features,list_field_drawing_features
sahool-platform,services/sahool-platform/api/routers/drawing_features.py,445,POST,/api/v1/drawing-features/validate,validate_drawing_feature_topology
sahool-platform,services/sahool-platform/api/routers/drawing_features.py,468,POST,/api/v1/drawing-features,create_drawing_feature
sahool-platform,services/sahool-platform/api/routers/drawing_features.py,536,PATCH,/api/v1/drawing-features/{feature_id},update_drawing_feature
sahool-platform,services/sahool-platform/api/routers/drawing_features.py,636,DELETE,/api/v1/drawing-features/{feature_id},delete_drawing_feature
sahool-platform,services/sahool-platform/api/routers/economics.py,26,GET,/api/v1/economics/cost-categories,economics_categories_endpoint
sahool-platform,services/sahool-platform/api/routers/economics.py,32,POST,/api/v1/economics/feasibility,economics_feasibility_endpoint
sahool-platform,services/sahool-platform/api/routers/economics.py,46,GET,/api/v1/economics/break-even,economics_break_even_endpoint
sahool-platform,services/sahool-platform/api/routers/edge.py,25,POST,/api/v1/edge/sync,edge_sync_receive
sahool-platform,services/sahool-platform/api/routers/edge.py,25,POST,/v1/edge/sync,edge_sync_receive
sahool-platform,services/sahool-platform/api/routers/equipment.py,38,POST,/api/v1/equipment,create_equipment
sahool-platform,services/sahool-platform/api/routers/equipment.py,93,GET,/api/v1/equipment,list_equipment
sahool-platform,services/sahool-platform/api/routers/equipment.py,113,POST,/api/v1/equipment/{equipment_id}/maintenance,log_maintenance
sahool-platform,services/sahool-platform/api/routers/equipment.py,179,GET,/api/v1/equipment/{equipment_id}/maintenance,list_maintenance
sahool-platform,services/sahool-platform/api/routers/escalation.py,23,POST,/api/v1/escalation/assess,escalation_assess
sahool-platform,services/sahool-platform/api/routers/etc_dual.py,227,POST,/api/v1/fields/{field_id}/etc-dual,field_etc_dual
sahool-platform,services/sahool-platform/api/routers/events.py,32,GET,/api/v1/events/{entity_type}/{entity_id},entity_events
sahool-platform,services/sahool-platform/api/routers/evidence.py,26,POST,/api/v1/evidence/corroborate,evidence_corroborate
sahool-platform,services/sahool-platform/api/routers/evidence_map.py,87,GET,/api/v1/evidence/map,evidence_map_endpoint
sahool-platform,services/sahool-platform/api/routers/execution_feedback.py,50,GET,/api/v1/execution/feedback,execution_feedback_endpoint
sahool-platform,services/sahool-platform/api/routers/execution_lineage.py,61,POST,/api/v1/lineage/link,link_lineage_ref
sahool-platform,services/sahool-platform/api/routers/execution_lineage.py,121,GET,/api/v1/lineage/{lineage_id},get_lineage_chain
sahool-platform,services/sahool-platform/api/routers/failures.py,30,POST,/api/v1/failures/check,check_failures
sahool-platform,services/sahool-platform/api/routers/farm_operations_ledger.py,211,POST,/api/v1/farm-ledger/operations,create_operation_ledger_record
sahool-platform,services/sahool-platform/api/routers/farm_operations_ledger.py,354,GET,/api/v1/farm-ledger/operations,list_operation_ledger_records
sahool-platform,services/sahool-platform/api/routers/farm_operations_ledger.py,402,GET,/api/v1/farm-ledger/summary,farm_ledger_summary
sahool-platform,services/sahool-platform/api/routers/farm_operations_ledger.py,528,POST,/api/v1/farm-ledger/budgets,upsert_season_budget_lines
sahool-platform,services/sahool-platform/api/routers/farm_operations_ledger.py,609,GET,/api/v1/farm-ledger/budgets/{season_id},get_season_budget
sahool-platform,services/sahool-platform/api/routers/farm_operations_ledger.py,637,POST,/api/v1/farm-ledger/revenues,create_revenue_record
sahool-platform,services/sahool-platform/api/routers/farm_operations_ledger.py,729,GET,/api/v1/farm-ledger/variance/{season_id},get_budget_variance
sahool-platform,services/sahool-platform/api/routers/farm_operations_ledger.py,757,GET,/api/v1/farm-ledger/profitability/{season_id},get_season_profitability
sahool-platform,services/sahool-platform/api/routers/farm_operations_ledger.py,792,GET,/api/v1/farm-ledger/erp-projection/{season_id},get_erp_projection
sahool-platform,services/sahool-platform/api/routers/farm_operations_ledger.py,864,POST,/api/v1/farm-ledger/autowrite-preview,operation_autowrite_preview
sahool-platform,services/sahool-platform/api/routers/farm_operations_ledger.py,912,GET,/api/v1/farm-ledger/inventory-projection/{season_id},get_inventory_projection
sahool-platform,services/sahool-platform/api/routers/farm_operations_ledger.py,1003,GET,/api/v1/farm-ledger/economic-state/{season_id},get_economic_state
sahool-platform,services/sahool-platform/api/routers/farms.py,36,POST,/api/v1/farms,create_farm
sahool-platform,services/sahool-platform/api/routers/farms.py,105,GET,/api/v1/farms,list_farms
sahool-platform,services/sahool-platform/api/routers/farms.py,140,GET,/api/v1/farms/{farm_id}/fields,list_farm_fields
sahool-platform,services/sahool-platform/api/routers/features.py,60,GET,/api/v1/features,get_features
sahool-platform,services/sahool-platform/api/routers/field_ai_context.py,702,GET,/api/v1/fields/{field_id}/ai-context-pack,field_ai_context_pack
sahool-platform,services/sahool-platform/api/routers/field_completeness.py,56,GET,/api/v1/fields/{field_id}/data-completeness,field_data_completeness
sahool-platform,services/sahool-platform/api/routers/field_intelligence.py,469,POST,/api/v1/field-intelligence/analyze,field_intelligence_analyze
sahool-platform,services/sahool-platform/api/routers/field_intelligence.py,516,GET,/api/v1/field-intelligence/analyze/jobs/{job_id},field_intelligence_analyze_job_status
sahool-platform,services/sahool-platform/api/routers/field_intelligence.py,526,POST,/api/v1/field-intelligence/analyze/jobs/{job_id}/cancel,field_intelligence_analyze_job_cancel
sahool-platform,services/sahool-platform/api/routers/field_intelligence.py,539,GET,/api/v1/fields/{field_id}/evidence-graph/latest,field_evidence_graph_latest
sahool-platform,services/sahool-platform/api/routers/field_intelligence.py,571,GET,/api/v1/fields/{field_id}/evidence-graph/timeline,field_evidence_graph_timeline
sahool-platform,services/sahool-platform/api/routers/field_intelligence.py,605,GET,/api/v1/evidence-graph/analytics,evidence_graph_analytics
sahool-platform,services/sahool-platform/api/routers/field_intelligence.py,638,GET,/api/v1/fields/{field_id}/evidence-graph/nodes,field_evidence_graph_nodes
sahool-platform,services/sahool-platform/api/routers/field_portfolio.py,35,POST,/api/v1/field-portfolio/optimize,optimize_portfolio
sahool-platform,services/sahool-platform/api/routers/field_portfolio.py,76,POST,/api/v1/field-portfolio/allocate,allocate_portfolio_endpoint
sahool-platform,services/sahool-platform/api/routers/field_priority_queue.py,117,GET,/api/v1/fields/{field_id}/priority-queue,field_priority_queue
sahool-platform,services/sahool-platform/api/routers/field_priority_queue.py,179,GET,/api/v1/farms/{farm_id}/priority-queue,farm_priority_queue
sahool-platform,services/sahool-platform/api/routers/field_readiness.py,56,GET,/api/v1/fields/{field_id}/readiness,field_readiness
sahool-platform,services/sahool-platform/api/routers/field_single.py,23,GET,/api/v1/field/operational-state,field_operational_state_endpoint
sahool-platform,services/sahool-platform/api/routers/field_twin.py,39,GET,/api/v1/fields/{field_id}/twin,get_field_twin
sahool-platform,services/sahool-platform/api/routers/field_workspace_imagery.py,41,GET,/api/v1/fields/{field_id}/available-dates,field_imagery_available_dates_facade
sahool-platform,services/sahool-platform/api/routers/field_workspace_imagery.py,73,GET,/api/v1/fields/{field_id}/imagery/timeline,field_imagery_timeline_facade
sahool-platform,services/sahool-platform/api/routers/field_workspace_timeline.py,32,GET,/api/v1/fields/{field_id}/unified-timeline,field_unified_timeline_facade
sahool-platform,services/sahool-platform/api/routers/field_workspace_weather.py,69,GET,/api/v1/fields/{field_id}/weather/thermal-stress,field_weather_thermal_stress
sahool-platform,services/sahool-platform/api/routers/field_workspace_weather.py,104,GET,/api/v1/fields/{field_id}/weather/crop-stress,field_weather_crop_stress
sahool-platform,services/sahool-platform/api/routers/field_workspace_weather.py,171,GET,/api/v1/fields/{field_id}/weather/operation-windows,field_weather_operation_windows
sahool-platform,services/sahool-platform/api/routers/field_workspace_weather.py,224,GET,/api/v1/fields/{field_id}/weather/irrigation-advice,field_irrigation_advice_facade
sahool-platform,services/sahool-platform/api/routers/field_workspace_weather.py,279,GET,/api/v1/fields/{field_id}/weather/disease-risk,field_disease_risk_facade
sahool-platform,services/sahool-platform/api/routers/fields.py,570,GET,/api/v1/fields,list_fields
sahool-platform,services/sahool-platform/api/routers/fields.py,593,POST,/api/v1/fields,create_field
sahool-platform,services/sahool-platform/api/routers/fields.py,617,POST,/api/v1/fields/import,import_field
sahool-platform,services/sahool-platform/api/routers/fields.py,690,POST,/api/v1/fields/{field_id}/imagery/refresh,refresh_field_imagery
sahool-platform,services/sahool-platform/api/routers/fields.py,893,POST,/api/v1/fields/{field_id}/imagery/backfill,field_imagery_backfill_proxy
sahool-platform,services/sahool-platform/api/routers/fields.py,965,GET,/api/v1/fields/{field_id}/imagery/backfill/{run_id},field_imagery_backfill_status_proxy
sahool-platform,services/sahool-platform/api/routers/fields.py,999,GET,/api/v1/fields/{field_id},get_field
sahool-platform,services/sahool-platform/api/routers/fields.py,1024,GET,/api/v1/fields/{field_id}/terrain,get_field_terrain
sahool-platform,services/sahool-platform/api/routers/fields.py,1115,GET,/api/v1/fields/{field_id}/workspace,get_field_workspace
sahool-platform,services/sahool-platform/api/routers/fields.py,1204,PUT,/api/v1/fields/{field_id},update_field
sahool-platform,services/sahool-platform/api/routers/fields.py,1204,PATCH,/api/v1/fields/{field_id},update_field
sahool-platform,services/sahool-platform/api/routers/fields.py,1489,GET,/api/v1/fields/{field_id}/geometry/history,field_geometry_history
sahool-platform,services/sahool-platform/api/routers/fields.py,1536,POST,/api/v1/fields/{field_id}/geometry/revert/{revision},revert_field_geometry
sahool-platform,services/sahool-platform/api/routers/fields.py,1634,DELETE,/api/v1/fields/{field_id},delete_field
sahool-platform,services/sahool-platform/api/routers/fields.py,1760,POST,/api/v1/fields/merge,merge_fields
sahool-platform,services/sahool-platform/api/routers/fields.py,1885,POST,/api/v1/fields/split,split_field
sahool-platform,services/sahool-platform/api/routers/fields.py,2025,POST,/api/v1/fields/{field_id}/seasons,create_season
sahool-platform,services/sahool-platform/api/routers/fields.py,2232,GET,/api/v1/fields/{field_id}/seasons,list_seasons
sahool-platform,services/sahool-platform/api/routers/fields.py,2259,PATCH,/api/v1/fields/{field_id}/seasons/{season_id},update_season
sahool-platform,services/sahool-platform/api/routers/fields.py,2428,GET,/api/v1/fields/{field_id}/soil-moisture,field_soil_moisture
sahool-platform,services/sahool-platform/api/routers/fields.py,2576,GET,/api/v1/fields/{field_id}/wind/prevailing,field_wind_prevailing
sahool-platform,services/sahool-platform/api/routers/fields.py,2651,POST,/api/v1/fields/{field_id}/wind/drift-risk,field_wind_drift_risk
sahool-platform,services/sahool-platform/api/routers/fields.py,2730,GET,/api/v1/fields/{field_id}/recommendations,field_recommendations
sahool-platform,services/sahool-platform/api/routers/fields.py,2826,POST,/api/v1/fields/{field_id}/activities,create_activity
sahool-platform,services/sahool-platform/api/routers/fields.py,2960,GET,/api/v1/fields/{field_id}/activities,list_field_activities
sahool-platform,services/sahool-platform/api/routers/fields.py,2989,GET,/api/v1/fields/{field_id}/input-traceability,field_input_traceability
sahool-platform,services/sahool-platform/api/routers/fields.py,3091,POST,/api/v1/fields/{field_id}/growth-narrative,field_growth_narrative
sahool-platform,services/sahool-platform/api/routers/fields.py,3135,POST,/api/v1/fields/{field_id}/soil-lab-tests,create_soil_lab_test
sahool-platform,services/sahool-platform/api/routers/fields.py,3193,GET,/api/v1/fields/{field_id}/soil-lab-tests,list_soil_lab_tests
sahool-platform,services/sahool-platform/api/routers/fields.py,3217,PATCH,/api/v1/fields/{field_id}/soil-lab-tests/{test_id},update_soil_lab_test
sahool-platform,services/sahool-platform/api/routers/fields.py,3344,POST,/api/v1/fields/{field_id}/alerts/evaluate,evaluate_field_alerts_endpoint
sahool-platform,services/sahool-platform/api/routers/fields.py,3360,POST,/api/v1/fields/{field_id}/rotations,add_crop_rotation
sahool-platform,services/sahool-platform/api/routers/fields.py,3402,GET,/api/v1/fields/{field_id}/rotations,list_crop_rotations
sahool-platform,services/sahool-platform/api/routers/fields.py,3429,POST,/api/v1/fields/{field_id}/trueup,apply_trueup
sahool-platform,services/sahool-platform/api/routers/fields.py,3488,POST,/api/v1/fields/validate-geometry,validate_geometry
sahool-platform,services/sahool-platform/api/routers/fields.py,3521,POST,/api/v1/fields/{field_id}/prescriptions/nitrogen,prescribe_nitrogen
sahool-platform,services/sahool-platform/api/routers/fields.py,3550,POST,/api/v1/fields/{field_id}/yield-estimate,estimate_field_yield
sahool-platform,services/sahool-platform/api/routers/fields.py,3623,POST,/api/v1/fields/{field_id}/timeline,field_timeline
sahool-platform,services/sahool-platform/api/routers/fields.py,3643,GET,/api/v1/fields/{field_id}/history,field_history
sahool-platform,services/sahool-platform/api/routers/fields.py,3760,POST,/api/v1/fields/{field_id}/pins,create_pin
sahool-platform,services/sahool-platform/api/routers/fields.py,3843,POST,/api/v1/fields/{field_id}/walk-plan,field_walk_plan
sahool-platform,services/sahool-platform/api/routers/fields.py,3853,POST,/api/v1/fields/{field_id}/walk-plan/pdf,field_walk_plan_pdf
sahool-platform,services/sahool-platform/api/routers/fields.py,3872,POST,/api/v1/fields/{field_id}/zones,field_zones
sahool-platform,services/sahool-platform/api/routers/fields.py,3886,GET,/api/v1/fields/{field_id}/water-stress-spectral,field_water_stress_spectral
sahool-platform,services/sahool-platform/api/routers/fields.py,3918,GET,/api/v1/fields/{field_id}/state,field_canonical_state
sahool-platform,services/sahool-platform/api/routers/fields.py,3946,GET,/api/v1/fields/{field_id}/alerts/derived,field_alerts_derived
sahool-platform,services/sahool-platform/api/routers/fields.py,3972,GET,/api/v1/fields/{field_id}/state/full,field_state_full
sahool-platform,services/sahool-platform/api/routers/fodder_alternatives.py,25,GET,/api/v1/fodder-alternatives/list,fodder_alternatives_list_endpoint
sahool-platform,services/sahool-platform/api/routers/gdd.py,45,POST,/api/v1/gdd/track,gdd_track
sahool-platform,services/sahool-platform/api/routers/geo.py,28,GET,/api/v1/geo/reverse,geo_reverse_endpoint
sahool-platform,services/sahool-platform/api/routers/geo_locate.py,24,GET,/api/v1/geo-locate/field,geo_locate_field_endpoint
sahool-platform,services/sahool-platform/api/routers/geo_locate.py,30,GET,/api/v1/geo-locate/recommend,geo_locate_recommend_endpoint
sahool-platform,services/sahool-platform/api/routers/gis_cloud_native.py,179,GET,/stac,stac_root
sahool-platform,services/sahool-platform/api/routers/gis_cloud_native.py,186,GET,/stac/conformance,stac_conformance
sahool-platform,services/sahool-platform/api/routers/gis_cloud_native.py,193,GET,/stac/queryables,get_stac_queryables
sahool-platform,services/sahool-platform/api/routers/gis_cloud_native.py,200,GET,/stac/collections,list_stac_collections
sahool-platform,services/sahool-platform/api/routers/gis_cloud_native.py,215,POST,/stac/search,stac_search_post
sahool-platform,services/sahool-platform/api/routers/gis_cloud_native.py,245,GET,/scene-ranking,scene_ranking
sahool-platform,services/sahool-platform/api/routers/gis_cloud_native.py,262,GET,/scene-processing-plan,scene_processing_plan
sahool-platform,services/sahool-platform/api/routers/gis_cloud_native.py,279,GET,/tile-cache-plan,get_tile_cache_plan
sahool-platform,services/sahool-platform/api/routers/gis_cloud_native.py,295,GET,/ogc,ogc_root
sahool-platform,services/sahool-platform/api/routers/gis_cloud_native.py,302,GET,/ogc/conformance,ogc_conformance
sahool-platform,services/sahool-platform/api/routers/gis_cloud_native.py,309,GET,/ogc/collections,get_ogc_collections
sahool-platform,services/sahool-platform/api/routers/gis_cloud_native.py,316,GET,/ogc/collections/fields/items,ogc_field_items
sahool-platform,services/sahool-platform/api/routers/gis_cloud_native.py,342,POST,/ai-boundary/plan,plan_ai_boundary_extraction
sahool-platform,services/sahool-platform/api/routers/gis_cloud_native.py,352,POST,/management-zones/summary,summarize_management_zones
sahool-platform,services/sahool-platform/api/routers/gis_cloud_native.py,360,POST,/editing-sessions/undo-redo,editing_session_undo_redo
sahool-platform,services/sahool-platform/api/routers/gis_cloud_native.py,420,POST,/cog-registry,register_cog
sahool-platform,services/sahool-platform/api/routers/gis_cloud_native.py,476,GET,/stac/search,stac_search
sahool-platform,services/sahool-platform/api/routers/gis_cloud_native.py,497,GET,/stac/collections/{collection_id},get_collection
sahool-platform,services/sahool-platform/api/routers/gis_cloud_native.py,513,GET,/mosaicjson,mosaicjson
sahool-platform,services/sahool-platform/api/routers/gis_cloud_native.py,532,GET,/rasters/{raster_id}/tilejson.json,raster_tilejson
sahool-platform,services/sahool-platform/api/routers/gis_cloud_native.py,557,POST,/editing-sessions,upsert_editing_session
sahool-platform,services/sahool-platform/api/routers/gis_cloud_native.py,592,POST,/locks,acquire_geometry_lock
sahool-platform,services/sahool-platform/api/routers/gis_cloud_native.py,628,DELETE,/locks/{field_id},release_geometry_lock
sahool-platform,services/sahool-platform/api/routers/gis_cloud_native.py,646,POST,/geoparquet/export,export_geoparquet
sahool-platform,services/sahool-platform/api/routers/gis_cloud_native.py,672,POST,/phase6/boundaries/extract,phase6_extract_boundary
sahool-platform,services/sahool-platform/api/routers/gis_cloud_native.py,691,POST,/phase6/management-zones/generate,phase6_generate_management_zones
sahool-platform,services/sahool-platform/api/routers/gis_cloud_native.py,707,POST,/phase6/prescriptions/generate,phase6_generate_prescription_map
sahool-platform,services/sahool-platform/api/routers/gis_cloud_native.py,720,POST,/phase6/yield-stability,phase6_yield_stability
sahool-platform,services/sahool-platform/api/routers/gis_cloud_native.py,728,POST,/phase6/profitability-map,phase6_profitability_map
sahool-platform,services/sahool-platform/api/routers/gis_cloud_native.py,740,POST,/phase6/digital-twin/snapshot,phase6_digital_twin_snapshot
sahool-platform,services/sahool-platform/api/routers/gis_kernel.py,118,POST,/api/v1/gis/buffer,gis_buffer
sahool-platform,services/sahool-platform/api/routers/gis_kernel.py,167,POST,/api/v1/gis/union,gis_union
sahool-platform,services/sahool-platform/api/routers/gis_kernel.py,208,POST,/api/v1/gis/split,gis_split
sahool-platform,services/sahool-platform/api/routers/gis_kernel.py,257,POST,/api/v1/gis/validate,gis_validate
sahool-platform,services/sahool-platform/api/routers/harvest_traceability.py,58,POST,/api/v1/harvest-lots,create_harvest_lot
sahool-platform,services/sahool-platform/api/routers/harvest_traceability.py,141,GET,/api/v1/harvest-lots,list_harvest_lots
sahool-platform,services/sahool-platform/api/routers/harvest_traceability.py,177,GET,/api/v1/harvest-lots/{harvest_lot_id},get_harvest_lot
sahool-platform,services/sahool-platform/api/routers/harvest_traceability.py,200,POST,/api/v1/harvest-lots/{harvest_lot_id}/custody-events,add_custody_event
sahool-platform,services/sahool-platform/api/routers/harvest_traceability.py,295,GET,/api/v1/harvest-lots/{harvest_lot_id}/traceability,get_traceability
sahool-platform,services/sahool-platform/api/routers/high_value_crops.py,24,GET,/api/v1/high-value-crops/list,high_value_crops_list_endpoint
sahool-platform,services/sahool-platform/api/routers/high_value_crops.py,30,GET,/api/v1/high-value-crops/detail,high_value_crops_detail_endpoint
sahool-platform,services/sahool-platform/api/routers/indicators.py,35,GET,/api/v1/indicators/catalog,indicators_catalog
sahool-platform,services/sahool-platform/api/routers/indicators.py,47,GET,/api/v1/indicators/map-layers,indicators_map_layers
sahool-platform,services/sahool-platform/api/routers/indicators.py,60,GET,/api/v1/indicators/dashboard,indicators_dashboard
sahool-platform,services/sahool-platform/api/routers/indices.py,22,GET,/api/v1/indices/coverage-report,indices_coverage_report
sahool-platform,services/sahool-platform/api/routers/internal_service.py,18,GET,/internal/fields/{field_id}/state,internal_field_state
sahool-platform,services/sahool-platform/api/routers/internal_service.py,38,POST,/internal/events/ai-advice,internal_ai_advice_event
sahool-platform,services/sahool-platform/api/routers/introduction.py,29,GET,/api/v1/introduction/candidates,introduction_candidates_endpoint
sahool-platform,services/sahool-platform/api/routers/introduction.py,35,GET,/api/v1/introduction/card,introduction_card_endpoint
sahool-platform,services/sahool-platform/api/routers/introduction.py,41,POST,/api/v1/introduction/field-fit,introduction_field_fit_endpoint
sahool-platform,services/sahool-platform/api/routers/inventory.py,40,POST,/api/v1/inventory/items,create_inventory_item
sahool-platform,services/sahool-platform/api/routers/inventory.py,90,GET,/api/v1/inventory/items,list_inventory_items
sahool-platform,services/sahool-platform/api/routers/inventory.py,121,POST,/api/v1/inventory/items/{item_id}/batches,add_inventory_batch
sahool-platform,services/sahool-platform/api/routers/inventory.py,184,GET,/api/v1/inventory/expiring,list_expiring_batches
sahool-platform,services/sahool-platform/api/routers/ipm.py,25,GET,/api/v1/ipm/pests,ipm_pests_endpoint
sahool-platform,services/sahool-platform/api/routers/ipm.py,31,GET,/api/v1/ipm/plan,ipm_plan_endpoint
sahool-platform,services/sahool-platform/api/routers/ipm.py,37,GET,/api/v1/ipm/crop-pests,ipm_crop_pests_endpoint
sahool-platform,services/sahool-platform/api/routers/irrigation.py,100,POST,/api/v1/irrigation/valves,register_valve
sahool-platform,services/sahool-platform/api/routers/irrigation.py,157,GET,/api/v1/irrigation/valves,list_valves
sahool-platform,services/sahool-platform/api/routers/irrigation.py,179,POST,/api/v1/irrigation/valves/{valve_id}/state,set_valve_state
sahool-platform,services/sahool-platform/api/routers/irrigation.py,236,POST,/api/v1/irrigation/schedules,create_schedule
sahool-platform,services/sahool-platform/api/routers/irrigation.py,307,GET,/api/v1/irrigation/schedules,list_schedules
sahool-platform,services/sahool-platform/api/routers/irrigation.py,357,DELETE,/api/v1/irrigation/schedules/{schedule_id},delete_schedule
sahool-platform,services/sahool-platform/api/routers/irrigation.py,372,GET,/api/v1/irrigation/soil-types,irrigation_soil_types_endpoint
sahool-platform,services/sahool-platform/api/routers/irrigation.py,378,GET,/api/v1/irrigation/moisture-decision,irrigation_moisture_decision_endpoint
sahool-platform,services/sahool-platform/api/routers/irrigation.py,397,POST,/api/v1/irrigation/water-analysis,irrigation_water_analysis
sahool-platform,services/sahool-platform/api/routers/irrigation_method.py,25,GET,/api/v1/irrigation-method,list_methods
sahool-platform,services/sahool-platform/api/routers/irrigation_method.py,31,GET,/api/v1/irrigation-method/{method},get_method
sahool-platform,services/sahool-platform/api/routers/irrigation_method.py,43,POST,/api/v1/irrigation-method/gross,compute_gross
sahool-platform,services/sahool-platform/api/routers/irrigation_network.py,55,POST,/api/v1/irrigation/network/feasibility,network_feasibility_endpoint
sahool-platform,services/sahool-platform/api/routers/irrigation_plan.py,111,POST,/api/v1/irrigation-plan,irrigation_plan_endpoint
sahool-platform,services/sahool-platform/api/routers/irrigation_recommendation.py,169,POST,/api/v1/irrigation-recommendation,irrigation_recommendation
sahool-platform,services/sahool-platform/api/routers/irrigation_recommendation.py,245,POST,/api/v1/fields/{field_id}/irrigation-recommendation,field_irrigation_recommendation
sahool-platform,services/sahool-platform/api/routers/kc_timeseries.py,87,POST,/api/v1/agro/kc-timeseries,persist_kc
sahool-platform,services/sahool-platform/api/routers/kc_timeseries.py,140,GET,/api/v1/agro/kc-timeseries/{field_id},list_kc
sahool-platform,services/sahool-platform/api/routers/kc_timeseries.py,156,GET,/api/v1/agro/kc-timeseries/{field_id}/compare,compare_kc
sahool-platform,services/sahool-platform/api/routers/learning.py,32,POST,/api/v1/learning/external-prior-blend,external_prior_blend
sahool-platform,services/sahool-platform/api/routers/learning.py,55,GET,/api/v1/learning/activation-status,learning_activation_status
sahool-platform,services/sahool-platform/api/routers/learning.py,114,GET,/api/v1/learning/prediction-calibration,prediction_calibration_status
sahool-platform,services/sahool-platform/api/routers/learning_summary.py,53,GET,/api/v1/learning/summary,get_learning_summary
sahool-platform,services/sahool-platform/api/routers/lifecycle.py,32,POST,/api/v1/lifecycle/validate-transition,validate_transition
sahool-platform,services/sahool-platform/api/routers/lineage.py,31,GET,/api/v1/lineage/{entity_type}/{entity_id},entity_lineage
sahool-platform,services/sahool-platform/api/routers/market.py,30,GET,/api/v1/market/crop-gap,market_crop_gap
sahool-platform,services/sahool-platform/api/routers/market.py,101,GET,/api/v1/market/crop-classification-readiness,crop_classification_readiness_endpoint
sahool-platform,services/sahool-platform/api/routers/master_data.py,35,POST,/api/v1/master-data,create_master_data
sahool-platform,services/sahool-platform/api/routers/master_data.py,96,GET,/api/v1/master-data,list_master_data
sahool-platform,services/sahool-platform/api/routers/me.py,26,GET,/api/v1/me,me
sahool-platform,services/sahool-platform/api/routers/ndvi_analysis.py,35,POST,/api/v1/fields/{field_id}/ndvi-analysis,field_ndvi_analysis
sahool-platform,services/sahool-platform/api/routers/niche_crops.py,24,GET,/api/v1/niche-crops/list,niche_crops_list_endpoint
sahool-platform,services/sahool-platform/api/routers/niche_crops.py,30,GET,/api/v1/niche-crops/detail,niche_crops_detail_endpoint
sahool-platform,services/sahool-platform/api/routers/nl_gis.py,199,POST,/api/v1/nl-gis/query,nl_gis_query_endpoint
sahool-platform,services/sahool-platform/api/routers/nl_sql.py,71,POST,/api/v1/nl-sql,nl_sql_endpoint
sahool-platform,services/sahool-platform/api/routers/notifications.py,56,GET,/api/v1/notifications/preferences,get_notification_preferences
sahool-platform,services/sahool-platform/api/routers/notifications.py,86,PUT,/api/v1/notifications/preferences,update_notification_preferences
sahool-platform,services/sahool-platform/api/routers/notifications.py,177,POST,/api/v1/notifications/delivery,upsert_notification_delivery
sahool-platform,services/sahool-platform/api/routers/notifications.py,289,WEBSOCKET,/api/v1/notifications/ws,notifications_ws
sahool-platform,services/sahool-platform/api/routers/nutrients.py,31,POST,/api/v1/nutrients/4r-plan,nutrient_4r_plan
sahool-platform,services/sahool-platform/api/routers/observations.py,34,POST,/api/v1/observations,observations
sahool-platform,services/sahool-platform/api/routers/onboarding.py,35,GET,/api/v1/onboarding/questionnaire,onboarding_questionnaire
sahool-platform,services/sahool-platform/api/routers/onboarding.py,46,POST,/api/v1/onboarding/responses,submit_onboarding
sahool-platform,services/sahool-platform/api/routers/onboarding.py,97,GET,/api/v1/onboarding/responses,list_onboarding
sahool-platform,services/sahool-platform/api/routers/operations.py,93,GET,/api/v1/operations/summary,operations_summary_endpoint
sahool-platform,services/sahool-platform/api/routers/orchard.py,24,GET,/api/v1/orchard/plan,orchard_plan_endpoint
sahool-platform,services/sahool-platform/api/routers/orchard.py,30,GET,/api/v1/orchard/economics,orchard_economics_endpoint
sahool-platform,services/sahool-platform/api/routers/outcome.py,43,POST,/api/v1/outcome/measure,measure_decision_outcome
sahool-platform,services/sahool-platform/api/routers/pest_escalation.py,31,POST,/api/v1/pest-escalation/run,pest_escalation_run
sahool-platform,services/sahool-platform/api/routers/phenology.py,159,GET,/api/v1/fields/{field_id}/phenology,field_phenology
sahool-platform,services/sahool-platform/api/routers/phenology.py,181,GET,/api/v1/fields/{field_id}/stage-actions,field_stage_actions
sahool-platform,services/sahool-platform/api/routers/planting.py,30,GET,/api/v1/planting/crops,planting_crops_endpoint
sahool-platform,services/sahool-platform/api/routers/planting.py,36,GET,/api/v1/planting/window,planting_window_endpoint
sahool-platform,services/sahool-platform/api/routers/planting.py,42,GET,/api/v1/planting/check,planting_check_endpoint
sahool-platform,services/sahool-platform/api/routers/platform_health.py,21,GET,/healthz,healthz
sahool-platform,services/sahool-platform/api/routers/platform_health.py,28,GET,/metrics,metrics
sahool-platform,services/sahool-platform/api/routers/platform_health.py,49,GET,/readyz,readyz
sahool-platform,services/sahool-platform/api/routers/policy_learning.py,37,GET,/api/v1/policy-learning/threshold-suggestions,threshold_suggestions
sahool-platform,services/sahool-platform/api/routers/portfolio_command.py,70,POST,/api/v1/portfolio/command,portfolio_command_endpoint
sahool-platform,services/sahool-platform/api/routers/postharvest.py,28,GET,/api/v1/postharvest/moisture-check,postharvest_moisture_endpoint
sahool-platform,services/sahool-platform/api/routers/postharvest.py,34,GET,/api/v1/postharvest/pests,postharvest_pests_endpoint
sahool-platform,services/sahool-platform/api/routers/postharvest.py,40,GET,/api/v1/postharvest/best-practices,postharvest_practices_endpoint
sahool-platform,services/sahool-platform/api/routers/practices.py,25,GET,/api/v1/practices/list,practices_list_endpoint
sahool-platform,services/sahool-platform/api/routers/practices.py,31,GET,/api/v1/practices/guide,practices_guide_endpoint
sahool-platform,services/sahool-platform/api/routers/prescriptions.py,103,POST,/api/v1/fields/{field_id}/prescriptions,create_prescription
sahool-platform,services/sahool-platform/api/routers/prescriptions.py,159,GET,/api/v1/fields/{field_id}/prescriptions,list_prescriptions
sahool-platform,services/sahool-platform/api/routers/prescriptions.py,193,GET,/api/v1/fields/{field_id}/prescriptions/{prescription_id}/export,export_prescription
sahool-platform,services/sahool-platform/api/routers/productivity.py,65,POST,/api/v1/fields/{field_id}/productivity-zones,productivity_zones_endpoint
sahool-platform,services/sahool-platform/api/routers/productivity.py,84,POST,/api/v1/fields/{field_id}/zone-sampling-plan,zone_sampling_plan_endpoint
sahool-platform,services/sahool-platform/api/routers/productivity.py,107,POST,/api/v1/fields/{field_id}/daily-ai-brief,daily_ai_brief_endpoint
sahool-platform,services/sahool-platform/api/routers/propagation.py,30,GET,/api/v1/propagation/methods,propagation_methods_endpoint
sahool-platform,services/sahool-platform/api/routers/propagation.py,36,GET,/api/v1/propagation/method-guide,propagation_method_guide_endpoint
sahool-platform,services/sahool-platform/api/routers/propagation.py,42,GET,/api/v1/propagation/crop,propagation_crop_endpoint
sahool-platform,services/sahool-platform/api/routers/propagation.py,48,GET,/api/v1/propagation/rootstock,propagation_rootstock_endpoint
sahool-platform,services/sahool-platform/api/routers/queue.py,22,GET,/api/v1/queue/status,queue_status
sahool-platform,services/sahool-platform/api/routers/rbac.py,28,GET,/api/v1/rbac/who-can,rbac_who_can
sahool-platform,services/sahool-platform/api/routers/rbac.py,44,GET,/api/v1/rbac/permission-matrix,rbac_permission_matrix
sahool-platform,services/sahool-platform/api/routers/rbac.py,54,GET,/api/v1/rbac/preview-role-change,rbac_preview_role_change
sahool-platform,services/sahool-platform/api/routers/readiness.py,21,GET,/api/v1/admin/readiness,production_readiness
sahool-platform,services/sahool-platform/api/routers/recommendations.py,102,POST,/api/v1/recommendations,recommendations
sahool-platform,services/sahool-platform/api/routers/recommendations.py,128,POST,/api/v1/recommendations/for-field,recommendations_for_field
sahool-platform,services/sahool-platform/api/routers/recommendations.py,188,GET,/api/v1/recommendations/engines,recommendation_engines
sahool-platform,services/sahool-platform/api/routers/recommendations.py,235,POST,/api/v1/recommendations/economic-adaptation,economic_adaptation_endpoint
sahool-platform,services/sahool-platform/api/routers/recommendations.py,253,GET,/api/v1/recommendations/capacity-profiles,capacity_profiles_endpoint
sahool-platform,services/sahool-platform/api/routers/recommendations.py,261,POST,/api/v1/recommendations/candidates,generate_crop_candidates
sahool-platform,services/sahool-platform/api/routers/recommendations.py,326,POST,/api/v1/recommendations/outcomes,record_recommendation_outcome
sahool-platform,services/sahool-platform/api/routers/recommendations.py,421,GET,/api/v1/recommendations/{rec_id},get_recommendation
sahool-platform,services/sahool-platform/api/routers/regional_bulletin.py,53,GET,/api/v1/regional/bulletin,regional_bulletin
sahool-platform,services/sahool-platform/api/routers/regional_calendar.py,20,GET,/api/v1/regional-calendar,regional_calendar
sahool-platform,services/sahool-platform/api/routers/registry.py,32,GET,/api/v1/registry/report-fields,list_registry_report_fields
sahool-platform,services/sahool-platform/api/routers/registry.py,45,GET,/api/v1/registry/workflows,list_registry_workflows
sahool-platform,services/sahool-platform/api/routers/registry.py,58,GET,/api/v1/registry/indices,registry_indices
sahool-platform,services/sahool-platform/api/routers/registry.py,68,GET,/api/v1/registry/device-types,registry_device_types
sahool-platform,services/sahool-platform/api/routers/registry.py,78,GET,/api/v1/registry/events,registry_events
sahool-platform,services/sahool-platform/api/routers/registry.py,88,GET,/api/v1/registry/cost-profiles,registry_cost_profiles
sahool-platform,services/sahool-platform/api/routers/registry.py,98,GET,/api/v1/registry/data-quality-rules,registry_data_quality_rules
sahool-platform,services/sahool-platform/api/routers/replay.py,32,POST,/api/v1/replay/reconstruct,replay_reconstruct
sahool-platform,services/sahool-platform/api/routers/reports.py,41,GET,/api/v1/reports/farm-summary,report_farm_summary
sahool-platform,services/sahool-platform/api/routers/reports.py,96,GET,/api/v1/reports/field/{field_id}/summary,report_field_summary
sahool-platform,services/sahool-platform/api/routers/reports.py,207,GET,/api/v1/fields/{field_id}/sustainability,field_sustainability
sahool-platform,services/sahool-platform/api/routers/reports.py,253,GET,/api/v1/reports/season/{season_id}/summary,report_season_summary
sahool-platform,services/sahool-platform/api/routers/reports.py,308,POST,/api/v1/reports/operation,operation_report_csv
sahool-platform,services/sahool-platform/api/routers/reports.py,358,POST,/api/v1/reports/build,build_report
sahool-platform,services/sahool-platform/api/routers/rotation.py,28,GET,/api/v1/rotation/principles,rotation_principles_endpoint
sahool-platform,services/sahool-platform/api/routers/rotation.py,34,GET,/api/v1/rotation/evaluate,rotation_evaluate
sahool-platform,services/sahool-platform/api/routers/rotation.py,40,GET,/api/v1/rotation/suggest,rotation_suggest
sahool-platform,services/sahool-platform/api/routers/salinity.py,30,POST,/api/v1/salinity/assess,salinity_assess_endpoint
sahool-platform,services/sahool-platform/api/routers/sampling.py,31,GET,/api/v1/sampling/strategy,sampling_strategy
sahool-platform,services/sahool-platform/api/routers/scenario.py,114,POST,/api/v1/scenario/water-twin,scenario_water_twin
sahool-platform,services/sahool-platform/api/routers/scenario.py,143,POST,/api/v1/scenario/temperature,scenario_temperature
sahool-platform,services/sahool-platform/api/routers/scenario.py,186,POST,/api/v1/scenario/planting-date,scenario_planting_date
sahool-platform,services/sahool-platform/api/routers/scenario.py,236,POST,/api/v1/scenario/rainfall,scenario_rainfall
sahool-platform,services/sahool-platform/api/routers/scouting.py,78,GET,/api/v1/scouting/pins,list_scouting_pins
sahool-platform,services/sahool-platform/api/routers/scouting.py,114,GET,/api/v1/scouting/taxonomy,scouting_taxonomy
sahool-platform,services/sahool-platform/api/routers/season_workspace.py,219,GET,/api/v1/fields/{field_id}/season-workspace,season_workspace
sahool-platform,services/sahool-platform/api/routers/seasonal_risk.py,28,GET,/api/v1/seasonal-risk/calendar,seasonal_risk_calendar_endpoint
sahool-platform,services/sahool-platform/api/routers/seasonal_risk.py,34,GET,/api/v1/seasonal-risk/stage-check,seasonal_risk_stage_endpoint
sahool-platform,services/sahool-platform/api/routers/seasonal_risk.py,40,GET,/api/v1/seasonal-risk/chill-hours,seasonal_risk_chill_endpoint
sahool-platform,services/sahool-platform/api/routers/seasons.py,36,POST,/api/v1/seasons/{season_id}/simulate,simulate_season_endpoint
sahool-platform,services/sahool-platform/api/routers/seasons.py,251,GET,/api/v1/fields/{field_id}/seasons/{season_id}/state,field_season_state_endpoint
sahool-platform,services/sahool-platform/api/routers/security_audit.py,19,GET,/api/v1/admin/security/denials,security_denials
sahool-platform,services/sahool-platform/api/routers/seed.py,30,GET,/api/v1/seed/criteria,seed_criteria_endpoint
sahool-platform,services/sahool-platform/api/routers/seed.py,36,POST,/api/v1/seed/evaluate-source,seed_evaluate_endpoint
sahool-platform,services/sahool-platform/api/routers/seed.py,42,GET,/api/v1/seed/germination-rate,seed_germination_endpoint
sahool-platform,services/sahool-platform/api/routers/seed.py,50,GET,/api/v1/seed/storage-check,seed_storage_endpoint
sahool-platform,services/sahool-platform/api/routers/seed.py,58,GET,/api/v1/seed/sowing-depth,seed_sowing_depth_endpoint
sahool-platform,services/sahool-platform/api/routers/service_proxy.py,104,ANY,/api/edge/{path:path},proxy_edge
sahool-platform,services/sahool-platform/api/routers/service_proxy.py,119,ANY,/api/soil/{path:path},proxy_soil
sahool-platform,services/sahool-platform/api/routers/service_proxy.py,134,ANY,/api/segmentation/{path:path},proxy_segmentation
sahool-platform,services/sahool-platform/api/routers/settings.py,30,PUT,/api/v1/settings,upsert_setting
sahool-platform,services/sahool-platform/api/routers/settings.py,63,GET,/api/v1/settings,list_settings
sahool-platform,services/sahool-platform/api/routers/sharing.py,46,POST,/api/v1/sharing/generate-key,generate_share_key
sahool-platform,services/sahool-platform/api/routers/sharing.py,86,POST,/api/v1/sharing/keys,create_sharing_key
sahool-platform,services/sahool-platform/api/routers/sharing.py,117,GET,/api/v1/sharing/keys,list_sharing_keys
sahool-platform,services/sahool-platform/api/routers/simulate.py,28,POST,/api/v1/simulate/what-if,simulate_what_if
sahool-platform,services/sahool-platform/api/routers/soil_sampling.py,28,GET,/api/v1/soil-sampling/subsamples,soil_subsamples_endpoint
sahool-platform,services/sahool-platform/api/routers/soil_sampling.py,34,GET,/api/v1/soil-sampling/depth,soil_depth_endpoint
sahool-platform,services/sahool-platform/api/routers/soil_sampling.py,40,GET,/api/v1/soil-sampling/protocol,soil_protocol_endpoint
sahool-platform,services/sahool-platform/api/routers/soil_sampling.py,96,GET,/api/v1/lab/samples,list_lab_samples
sahool-platform,services/sahool-platform/api/routers/soil_sampling.py,107,POST,/api/v1/lab/samples,create_lab_sample
sahool-platform,services/sahool-platform/api/routers/soil_sampling.py,119,POST,/api/v1/lab/soil-results,submit_soil_lab_result
sahool-platform,services/sahool-platform/api/routers/soil_sampling.py,142,POST,/api/v1/lab/water-results,submit_water_lab_result
sahool-platform,services/sahool-platform/api/routers/soil_sampling.py,162,GET,/api/v1/fields/{field_id}/lab-context,field_lab_context
sahool-platform,services/sahool-platform/api/routers/sync.py,60,GET,/api/v1/sync/manifest,sync_manifest
sahool-platform,services/sahool-platform/api/routers/sync.py,70,GET,/api/v1/sync/status,sync_status
sahool-platform,services/sahool-platform/api/routers/sync.py,92,POST,/api/v1/sync,sync
sahool-platform,services/sahool-platform/api/routers/tasks.py,37,GET,/api/v1/tasks,list_tasks
sahool-platform,services/sahool-platform/api/routers/tasks.py,62,PATCH,/api/v1/tasks/{task_id},update_task
sahool-platform,services/sahool-platform/api/routers/temporal.py,34,POST,/api/v1/temporal/check,temporal_check
sahool-platform,services/sahool-platform/api/routers/temporal.py,60,POST,/api/v1/temporal/coherence,temporal_coherence
sahool-platform,services/sahool-platform/api/routers/tenant.py,29,GET,/api/v1/tenant/config,get_tenant_config
sahool-platform,services/sahool-platform/api/routers/trials.py,30,POST,/api/v1/trials/analyze,analyze_trial
sahool-platform,services/sahool-platform/api/routers/water_balance.py,66,POST,/api/v1/water-balance,compute_water_balance
sahool-platform,services/sahool-platform/api/routers/water_harvesting.py,28,GET,/api/v1/water-harvesting/potential,water_potential_endpoint
sahool-platform,services/sahool-platform/api/routers/water_harvesting.py,36,GET,/api/v1/water-harvesting/methods,water_methods_endpoint
sahool-platform,services/sahool-platform/api/routers/water_harvesting.py,42,GET,/api/v1/water-harvesting/method-guide,water_method_guide_endpoint
sahool-platform,services/sahool-platform/api/routers/water_harvesting.py,48,GET,/api/v1/water-harvesting/upstream-flood,water_upstream_flood_endpoint
sahool-platform,services/sahool-platform/api/routers/water_ledger.py,78,POST,/api/v1/fields/{field_id}/water-ledger,upsert_water_ledger
sahool-platform,services/sahool-platform/api/routers/water_ledger.py,145,GET,/api/v1/fields/{field_id}/water-ledger,list_water_ledger
sahool-platform,services/sahool-platform/api/routers/water_ledger.py,197,GET,/api/v1/fields/{field_id}/water-efficiency,field_water_efficiency
sahool-platform,services/sahool-platform/api/routers/water_sensitivity.py,38,GET,/api/v1/water-sensitivity/crops,water_sensitivity_crops
sahool-platform,services/sahool-platform/api/routers/water_sensitivity.py,44,GET,/api/v1/water-sensitivity/calendar,water_sensitivity_calendar
sahool-platform,services/sahool-platform/api/routers/water_sensitivity.py,53,GET,/api/v1/water-sensitivity/wheat-calendar,water_sensitivity_wheat_calendar
sahool-platform,services/sahool-platform/api/routers/water_sensitivity.py,59,POST,/api/v1/water-sensitivity/stress-risk,water_sensitivity_stress
sahool-platform,services/sahool-platform/api/routers/water_sensitivity.py,68,POST,/api/v1/water-sensitivity/integrated-advice,water_sensitivity_integrated
sahool-platform,services/sahool-platform/api/routers/water_twin.py,146,POST,/api/v1/fields/{field_id}/water-twin,field_water_twin
sahool-platform,services/sahool-platform/api/routers/weather.py,1928,GET,/api/v1/weather/health,weather_health
sahool-platform,services/sahool-platform/api/routers/weather.py,1946,GET,/api/v1/weather/readyz,weather_readyz
sahool-platform,services/sahool-platform/api/routers/weather.py,1960,GET,/api/v1/weather/self-test,weather_self_test
sahool-platform,services/sahool-platform/api/routers/weather.py,1970,GET,/api/v1/weather/wind-source-selftest,weather_wind_source_selftest
sahool-platform,services/sahool-platform/api/routers/weather.py,2025,GET,/api/v1/weather/runtime-contract,weather_runtime_contract
sahool-platform,services/sahool-platform/api/routers/weather.py,2038,GET,/api/v1/weather/env-doctor,weather_env_doctor
sahool-platform,services/sahool-platform/api/routers/weather.py,2051,GET,/api/v1/weather/runtime-smoke-plan,weather_runtime_smoke_plan
sahool-platform,services/sahool-platform/api/routers/weather.py,2059,GET,/api/v1/weather/current,weather_current
sahool-platform,services/sahool-platform/api/routers/weather.py,2065,GET,/api/v1/weather/forecast,weather_forecast
sahool-platform,services/sahool-platform/api/routers/weather.py,2071,GET,/api/v1/weather/historical,weather_historical
sahool-platform,services/sahool-platform/api/routers/weather.py,2082,GET,/api/v1/weather/layers,weather_layers_manifest
sahool-platform,services/sahool-platform/api/routers/weather.py,2260,GET,/api/v1/weather/tile-cache/backend,weather_tile_cache_backend
sahool-platform,services/sahool-platform/api/routers/weather.py,2267,GET,/api/v1/weather/rate-limit/backend,weather_rate_limit_backend
sahool-platform,services/sahool-platform/api/routers/weather.py,2274,GET,/api/v1/weather/tile-cache/stats,weather_tile_cache_stats
sahool-platform,services/sahool-platform/api/routers/weather.py,2280,GET,/api/v1/weather/observability,weather_observability
sahool-platform,services/sahool-platform/api/routers/weather.py,2311,GET,/api/v1/weather/metrics.prom,weather_metrics_prometheus
sahool-platform,services/sahool-platform/api/routers/weather.py,2327,POST,/api/v1/weather/tile-cache/prune,weather_tile_cache_prune
sahool-platform,services/sahool-platform/api/routers/weather.py,2404,GET,/api/v1/weather/tile-data/{z}/{x}/{y},weather_tile_data
sahool-platform,services/sahool-platform/api/routers/weather.py,2428,GET,/api/v1/weather/operation-tile-data/{z}/{x}/{y},weather_operation_tile_data
sahool-platform,services/sahool-platform/api/routers/weather.py,2444,GET,/api/v1/weather/probe,weather_probe
sahool-platform,services/sahool-platform/api/routers/weather.py,2492,GET,/api/v1/weather/operation-window,weather_operation_window
sahool-platform,services/sahool-platform/api/routers/weather.py,2507,GET,/api/v1/weather/field-weather-summary,weather_field_summary
sahool-platform,services/sahool-platform/api/routers/weather.py,2550,GET,/api/v1/weather/operation-plan,weather_operation_plan
sahool-platform,services/sahool-platform/api/routers/weather.py,2565,GET,/api/v1/weather/action-recommendation,weather_action_recommendation
sahool-platform,services/sahool-platform/api/routers/weather.py,2630,GET,/api/v1/weather/alerts,weather_alerts
sahool-platform,services/sahool-platform/api/routers/weather.py,2699,POST,/api/v1/weather/alerts/notify,weather_alerts_notify
sahool-platform,services/sahool-platform/api/routers/weather.py,2793,POST,/api/v1/weather/tasks/from-operation-plan,weather_create_task_from_operation_plan
sahool-platform,services/sahool-platform/api/routers/weather.py,2894,POST,/api/v1/weather/recommendations/from-operation-plan,weather_recommendation_from_operation_plan
sahool-platform,services/sahool-platform/api/routers/weather.py,2985,GET,/api/v1/weather/tile-series/{z}/{x}/{y},weather_tile_series
sahool-platform,services/sahool-platform/api/routers/weather_analytics.py,25,POST,/api/v1/weather-analytics/analyze,weather_analyze_endpoint
sahool-platform,services/sahool-platform/api/routers/weather_analytics.py,31,POST,/api/v1/weather-analytics/planting-guide,weather_planting_guide_endpoint
sahool-platform,services/sahool-platform/api/routers/wofost.py,27,GET,/api/v1/wofost/crop-types,wofost_crop_types_endpoint
sahool-platform,services/sahool-platform/api/routers/wofost.py,33,GET,/api/v1/wofost/adaptation-guidance,wofost_adaptation_endpoint
sahool-platform,services/sahool-platform/api/routers/yield_analysis.py,39,GET,/api/v1/analysis/yield,yield_analysis_endpoint
sahool-platform,services/sahool-platform/api/routers/yield_interval.py,49,POST,/api/v1/fields/{field_id}/yield-interval,field_yield_interval_endpoint
sahool-platform,services/sahool-platform/tests/test_correlation_middleware.py,18,GET,/probe,probe
sam2-inference,services/sam2-inference/main.py,24,POST,/predict,predict
sam2-inference,services/sam2-inference/main.py,105,GET,/healthz,healthz
sam2-inference,services/sam2-inference/main.py,110,GET,/health,legacy_health
sam2-inference,services/sam2-inference/main.py,115,GET,/readyz,readyz
soil-service,services/soil-service/routers/health.py,22,GET,/healthz,health
soil-service,services/soil-service/routers/health.py,22,GET,/health,health
soil-service,services/soil-service/routers/health.py,27,GET,/readyz,readyz
soil-service,services/soil-service/routers/health.py,40,GET,/metrics,metrics
soil-service,services/soil-service/routers/modbus.py,36,POST,/soil/decode/modbus,decode_modbus
soil-service,services/soil-service/routers/readings.py,20,GET,/soil/readings/{field_id},get_readings
soil-service,services/soil-service/routers/readings.py,63,POST,/soil/ingest,ingest_reading
soil-service,services/soil-service/routers/soil_profile.py,47,POST,/soil/suitability,soil_suitability
soil-service,services/soil-service/routers/soil_profile.py,58,GET,/soil/soilgrids,soil_from_soilgrids
supervisor-agent,services/supervisor-agent/routers/agent.py,24,POST,/agent/query,process_query
supervisor-agent,services/supervisor-agent/routers/agent.py,89,POST,/agent/optimize,optimize_farm
supervisor-agent,services/supervisor-agent/routers/agent.py,132,GET,/agent/tools,list_tools
supervisor-agent,services/supervisor-agent/routers/agent.py,154,GET,/agent/journal/{invocation_id},get_journal_replay
supervisor-agent,services/supervisor-agent/routers/agent.py,178,GET,/agent/actuator-audit,get_actuator_audit
supervisor-agent,services/supervisor-agent/routers/health.py,21,GET,/healthz,healthz
supervisor-agent,services/supervisor-agent/routers/health.py,21,GET,/health,healthz
supervisor-agent,services/supervisor-agent/routers/health.py,26,GET,/readyz,readyz
supervisor-agent,services/supervisor-agent/routers/health.py,34,GET,/metrics,metrics
supervisor-agent,services/supervisor-agent/routers/health.py,43,GET,/healthz/deps,healthz_deps
tts-service,services/tts-service/routers/health.py,22,GET,/healthz,health
tts-service,services/tts-service/routers/health.py,22,GET,/health,health
tts-service,services/tts-service/routers/health.py,27,GET,/readyz,readyz
tts-service,services/tts-service/routers/health.py,43,GET,/metrics,metrics
tts-service,services/tts-service/routers/tts.py,21,GET,/tts/voices,list_voices
tts-service,services/tts-service/routers/tts.py,31,GET,/tts/status,tts_status
tts-service,services/tts-service/routers/tts.py,44,POST,/tts/synthesize,synthesize
tts-service,services/tts-service/routers/tts.py,125,POST,/tts/stream,stream
vegetation-analysis-service,services/vegetation-analysis-service/routers/analysis.py,21,GET,/v1/analyze,analyze
vegetation-analysis-service,services/vegetation-analysis-service/routers/analysis.py,45,GET,/v1/timeseries/{field_id},timeseries
vegetation-analysis-service,services/vegetation-analysis-service/routers/analysis.py,68,GET,/v1/ndvi/current/{field_id},current_ndvi
vegetation-analysis-service,services/vegetation-analysis-service/routers/analysis.py,87,GET,/v1/all_fields,all_fields
vegetation-analysis-service,services/vegetation-analysis-service/routers/health.py,21,GET,/healthz,healthz
vegetation-analysis-service,services/vegetation-analysis-service/routers/health.py,21,GET,/health,healthz
vegetation-analysis-service,services/vegetation-analysis-service/routers/health.py,26,GET,/readyz,readyz
vegetation-analysis-service,services/vegetation-analysis-service/routers/health.py,45,GET,/metrics,metrics
video-processor,services/video-processor/routers/health.py,20,GET,/healthz,health
video-processor,services/video-processor/routers/health.py,20,GET,/health,health
video-processor,services/video-processor/routers/health.py,29,GET,/readyz,readyz
video-processor,services/video-processor/routers/streams.py,46,POST,/streams,create_stream
video-processor,services/video-processor/routers/streams.py,92,DELETE,/streams/{stream_id},stop_stream
video-processor,services/video-processor/routers/streams.py,113,GET,/streams/{stream_id},get_stream
video-processor,services/video-processor/routers/streams.py,136,GET,/streams,list_streams
video-processor,services/video-processor/routers/streams.py,162,POST,/streams/{stream_id}/snapshot,snapshot
video-processor,services/video-processor/routers/streams.py,180,GET,/streams/{stream_id}/snapshot,snapshot_zlm
video-processor,services/video-processor/routers/streams.py,202,POST,/streams/{stream_id}/record/start,record_start
video-processor,services/video-processor/routers/streams.py,222,POST,/streams/{stream_id}/record/stop,record_stop
weather-service,services/weather-service/main.py,23,GET,/healthz,healthz
weather-service,services/weather-service/main.py,24,GET,/health,health
weather-service,services/weather-service/main.py,25,GET,/readyz,readyz
weather-service,services/weather-service/main.py,26,GET,/,root
weather-service,services/weather-service/main.py,27,GET,/contract,contract
weather-service,services/weather-service/main.py,28,POST,/v1/weather/raw/process,raw_weather_process
weather-service,services/weather-service/main.py,29,GET,/v1/weather/current,current_weather
weather-service,services/weather-service/main.py,30,GET,/v1/weather/forecast,forecast_weather
weather-service,services/weather-service/main.py,31,GET,/v1/weather/historical,historical_weather
weather-service,services/weather-service/main.py,32,GET,/v1/weather/operation-window,operation_window
weather-service,services/weather-service/main.py,33,GET,/v1/weather/operation-plan,operation_plan
weather-service,services/weather-service/main.py,34,GET,/v1/weather/thermal-stress,thermal_stress
weather-service,services/weather-service/main.py,35,GET,/v1/weather/lodging-risk,lodging_risk
weather-service,services/weather-service/main.py,36,GET,/v1/weather/pollination-risk,pollination_risk
weather-service,services/weather-service/main.py,37,GET,/v1/weather/chill-accumulation,chill_accumulation
weather-service,services/weather-service/main.py,38,POST,/v1/weather/agro/et0,agro_et0
weather-service,services/weather-service/main.py,39,POST,/v1/weather/agro/et0/series,agro_et0_series
weather-service,services/weather-service/main.py,40,POST,/v1/weather/agro/gdd,agro_gdd
weather-service,services/weather-service/main.py,41,GET,/v1/weather/tile-data/{z}/{x}/{y},tile_data
weather-service,services/weather-service/main.py,42,GET,/v1/weather/operation-tile-data/{z}/{x}/{y},operation_tile_data
weather-service,services/weather-service/main.py,43,GET,/v1/weather/tile-series/{z}/{x}/{y},tile_series
weather-service,services/weather-service/main.py,44,GET,/v1/weather/wind-grid/{z}/{x}/{y},wind_grid
weather-service,services/weather-service/main.py,45,GET,/v1/weather/cache-stats,tile_cache_stats
