owner,method,path,handler,file,line
actuator-service,POST,/v1/command,send_command,services/actuator-service/routers/commands.py,25
actuator-service,GET,/v1/commands,list_commands,services/actuator-service/routers/commands.py,70
actuator-service,GET,/healthz,health,services/actuator-service/routers/health.py,20
actuator-service,GET,/readyz,readyz,services/actuator-service/routers/health.py,32
actuator-service,GET,/v1/idempotency/metrics,idempotency_metrics,services/actuator-service/routers/metrics.py,18
agriai-engine,GET,/healthz,healthz,services/agriai-engine/main.py,55
agriai-engine,GET,/health,legacy_health,services/agriai-engine/main.py,60
agriai-engine,GET,/readyz,readyz,services/agriai-engine/main.py,65
agriai-engine,GET,/metrics,metrics,services/agriai-engine/main.py,90
agriai-engine,POST,/v1/recommend,recommend,services/agriai-engine/main.py,238
agriai-engine,POST,/v1/simulate,simulate,services/agriai-engine/main.py,298
agriai-engine,POST,/v1/plan,plan,services/agriai-engine/main.py,311
agriai-engine,POST,/v1/replay/verify,replay_verify,services/agriai-engine/main.py,327
ai-agronomist,GET,/healthz,healthz,services/ai_agronomist/main.py,113
ai-agronomist,GET,/healthz/ai-provider,ai_provider_snapshot,services/ai_agronomist/main.py,118
ai-agronomist,GET,/v1/approvals/pending,list_pending_approvals,services/ai_agronomist/main.py,126
ai-agronomist,POST,/v1/approvals/approve,approve_tool_request,services/ai_agronomist/main.py,146
ai-agronomist,POST,/v1/approvals/deny,deny_tool_request,services/ai_agronomist/main.py,198
ai-agronomist,POST,/v1/approvals/resume,resume_approved_tool,services/ai_agronomist/main.py,244
ai-agronomist,POST,/v1/prescription/export-preview,prescription_export_preview,services/ai_agronomist/main.py,288
ai-agronomist,GET,/metrics,metrics,services/ai_agronomist/main.py,304
ai-agronomist,GET,/readyz,readyz,services/ai_agronomist/main.py,323
ai-agronomist,POST,/v1/query,query,services/ai_agronomist/main.py,360
ai-agronomist,POST,/v1/chat,chat,services/ai_agronomist/main.py,371
ai-agronomist,POST,/v1/explain,explain,services/ai_agronomist/main.py,382
ai-agronomist,POST,/v1/recommend,recommend,services/ai_agronomist/main.py,393
auth,POST,/v1/auth/verify/request,verify_request,services/auth/routers/email_verify.py,22
auth,POST,/v1/auth/verify/confirm,verify_confirm,services/auth/routers/email_verify.py,55
auth,GET,/v1/auth/verify,verify,services/auth/routers/email_verify.py,97
auth,GET,/v1/auth/verify/status,verify_status,services/auth/routers/email_verify.py,107
auth,POST,/v1/auth/invitations,create_invitation,services/auth/routers/invitations.py,25
auth,GET,/v1/auth/invitations,list_invitations,services/auth/routers/invitations.py,84
auth,POST,/v1/auth/invitations/accept,accept_invitation,services/auth/routers/invitations.py,115
auth,DELETE,/v1/auth/invitations/{invitation_id},revoke_invitation,services/auth/routers/invitations.py,195
auth,POST,/v1/auth/mfa/setup,mfa_setup,services/auth/routers/mfa.py,19
auth,POST,/v1/auth/mfa/activate,mfa_activate,services/auth/routers/mfa.py,66
auth,POST,/v1/auth/mfa/disable,mfa_disable,services/auth/routers/mfa.py,136
auth,GET,/metrics,metrics,services/auth/routers/ops.py,21
auth,GET,/healthz,health,services/auth/routers/ops.py,27
auth,GET,/readyz,readyz,services/auth/routers/ops.py,32
auth,POST,/v1/auth/password-reset/request,request_password_reset,services/auth/routers/password_reset.py,21
auth,POST,/v1/auth/password-reset/confirm,confirm_password_reset,services/auth/routers/password_reset.py,41
auth,POST,/v1/auth/register,register,services/auth/routers/registration.py,19
auth,POST,/v1/auth/change-password,change_password,services/auth/routers/registration.py,74
auth,GET,/v1/auth/edge-sign,edge_sign,services/auth/routers/season_edge_sign.py,41
auth,POST,/v1/auth/login,login,services/auth/routers/session.py,24
auth,POST,/v1/auth/refresh,refresh_token,services/auth/routers/session.py,125
auth,POST,/v1/auth/logout,logout,services/auth/routers/session.py,167
auth,GET,/v1/auth/me,me,services/auth/routers/session.py,211
auth,POST,/v1/auth/tenants,provision_tenant,services/auth/routers/tenants.py,40
auth,GET,/v1/auth/users,list_users,services/auth/routers/users.py,22
auth,PATCH,/v1/auth/users/{user_id}/role,change_role,services/auth/routers/users.py,31
auth,PATCH,/v1/auth/users/{user_id}/deactivate,deactivate_user,services/auth/routers/users.py,73
decision-service,GET,/healthz,healthz,services/decision-service/main.py,508
decision-service,GET,/readyz,readyz,services/decision-service/main.py,513
decision-service,GET,/v1/cutover/readiness,cutover_readiness,services/decision-service/main.py,550
decision-service,GET,/contract,contract,services/decision-service/main.py,560
decision-service,POST,/v1/evidence/vegetation-snapshots,create_vegetation_snapshot,services/decision-service/main.py,593
decision-service,POST,/v1/decisions/record,record_decision,services/decision-service/main.py,611
decision-service,GET,/v1/decisions/review-queue,review_queue,services/decision-service/main.py,676
decision-service,POST,/v1/decisions/{decision_id}/review,review_candidate,services/decision-service/main.py,712
decision-service,POST,/v1/decisions/{decision_id}/execution-plan,build_execution_plan,services/decision-service/main.py,795
decision-service,POST,/v1/dispatch/decisions,record_dispatch,services/decision-service/main.py,845
decision-service,GET,/v1/dispatch/decisions,list_dispatch,services/decision-service/main.py,904
decision-service,POST,/v1/outcomes/record,record_outcome,services/decision-service/main.py,918
decision-service,POST,/v1/recommendation-outcomes,record_recommendation_outcome,services/decision-service/main.py,944
decision-service,POST,/v1/learning/updates,record_learning_update,services/decision-service/main.py,969
decision-service,GET,/v1/learning/summary,learning_summary,services/decision-service/main.py,1000
decision-service,GET,/v1/decisions,list_decisions,services/decision-service/main.py,1014
decision-service,GET,/v1/fields/{field_id}/lineage,field_lineage,services/decision-service/main.py,1043
decision-service,GET,/v1/outcomes/reconciled,reconciled_outcomes,services/decision-service/main.py,1059
decision-service,GET,/v1/decisions/{decision_id}/agronomic-evidence,decision_agronomic_evidence,services/decision-service/main.py,1095
decision-service,GET,/v1/decisions/{decision_id}/lineage,decision_lineage,services/decision-service/main.py,1113
decision-service,POST,/v1/execution-plans/{execution_plan_id}/authorize-dispatch,authorize_execution_plan_dispatch,services/decision-service/main.py,1140
decision-service,POST,/v1/dispatch-authorizations/{dispatch_authorization_id}/execute,execute_authorized_dispatch,services/decision-service/main.py,1208
decision-service,POST,/v1/reservation-dispatch-intents,ingest_reservation_dispatch_intent,services/decision-service/main.py,1267
decision-service,POST,/v1/activation/evidence-receipts,store_activation_evidence,services/decision-service/main.py,1397
decision-service,POST,/v1/activation/evidence-receipts/{evidence_id}/revoke,revoke_activation_evidence,services/decision-service/main.py,1471
decision-service,POST,/v1/activation/irr_f01_reservation/enforce,activation_enforce,services/decision-service/main.py,1514
decision-service,POST,/v1/activation/irr_f01_reservation/begin,activation_begin,services/decision-service/main.py,1539
decision-service,POST,/v1/activation/irr_f01_reservation/complete,activation_complete,services/decision-service/main.py,1550
decision-service,POST,/v1/activation/irr_f01_reservation/revoke,activation_revoke,services/decision-service/main.py,1569
decision-service,POST,/v1/activation/irr_f01_reservation/reset,activation_reset,services/decision-service/main.py,1584
decision-service,GET,/v1/activation/irr_f01_reservation,activation_current,services/decision-service/main.py,1595
decision-service,GET,/v1/activation/irr_f01_reservation/probe,activation_probe,services/decision-service/main.py,1602
decision-service,POST,/v1/activation/satellite_cdse/begin,cdse_activation_begin,services/decision-service/main.py,1632
decision-service,POST,/v1/activation/satellite_cdse/complete,cdse_activation_complete,services/decision-service/main.py,1645
decision-service,POST,/v1/activation/satellite_cdse/revoke,cdse_activation_revoke,services/decision-service/main.py,1664
decision-service,POST,/v1/activation/satellite_cdse/reset,cdse_activation_reset,services/decision-service/main.py,1679
decision-service,GET,/v1/activation/satellite_cdse,cdse_activation_current,services/decision-service/main.py,1692
decision-service,GET,/v1/activation/satellite_cdse/source,cdse_active_source,services/decision-service/main.py,1699
decision-service,GET,/v1/activation/satellite_cdse/probe,cdse_activation_probe,services/decision-service/main.py,1708
decision-service,GET,/v1/execution-requests,list_execution_requests,services/decision-service/main.py,1739
decision-service,GET,/v1/execution-requests/recovery,list_execution_request_recovery,services/decision-service/main.py,1768
decision-service,POST,/v1/execution-requests/{execution_request_id}/claim,claim_execution_delivery,services/decision-service/main.py,1790
decision-service,POST,/v1/execution-requests/{execution_request_id}/receipt,ingest_execution_receipt,services/decision-service/main.py,1822
decision-service,POST,/v1/execution-requests/{execution_request_id}/verify-outcome,verify_terminal_execution_outcome,services/decision-service/main.py,1868
decision-service,POST,/v1/outcomes/{outcome_id}/learning-attribution,attribute_verified_outcome_to_learning,services/decision-service/main.py,1926
decision-service,GET,/v1/learning/calibration-dataset,get_calibration_dataset,services/decision-service/main.py,1960
decision-service,POST,/v1/learning/evaluation-runs,register_model_evaluation_run,services/decision-service/main.py,1995
decision-service,POST,/v1/learning/promotion-decisions,register_model_promotion_decision,services/decision-service/main.py,2045
decision-service,POST,/v1/learning/activation-requests,register_model_activation_request,services/decision-service/main.py,2081
decision-service,POST,/v1/learning/activation-requests/{activation_request_id}/review,review_activation_request_boundary,services/decision-service/main.py,2124
decision-service,POST,/v1/learning/activation-commands/{activation_command_id}/claim,claim_registry_activation_command_boundary,services/decision-service/main.py,2174
decision-service,POST,/v1/learning/activation-commands/{activation_command_id}/receipt,record_registry_activation_receipt_boundary,services/decision-service/main.py,2215
decision-service,POST,/v1/learning/activation-receipts/{activation_receipt_id}/rollback-command,create_registry_rollback_command_boundary,services/decision-service/main.py,2261
decision-service,POST,/v1/learning/rollback-commands/{rollback_command_id}/claim,claim_registry_rollback_command_boundary,services/decision-service/main.py,2298
decision-service,POST,/v1/learning/rollback-commands/{rollback_command_id}/receipt,record_registry_rollback_receipt_boundary,services/decision-service/main.py,2334
decision-service,GET,/v1/learning/models/{model_id}/active-state,active_model_state_boundary,services/decision-service/main.py,2371
decision-service,POST,/v1/learning/activation-receipts/{activation_receipt_id}/verification,post_activation_verification_boundary,services/decision-service/main.py,2403
decision-service,POST,/v1/learning/activation-receipts/{activation_receipt_id}/rollout-plan,rollout_plan_boundary,services/decision-service/main.py,2442
decision-service,POST,/v1/learning/monitoring-snapshots,monitoring_snapshot_boundary,services/decision-service/main.py,2479
decision-service,POST,/v1/learning/retraining-requests,retraining_request_boundary,services/decision-service/main.py,2515
decision-service,GET,/v1/learning/runtime-work,runtime_work_feed,services/decision-service/main.py,2545
decision-service,POST,/v1/learning/runtime-workers/{worker_id}/tenants,register_worker_tenant,services/decision-service/main.py,2582
decision-service,GET,/v1/learning/runtime-workers/{worker_id}/tenants,worker_tenants,services/decision-service/main.py,2606
decision-service,POST,/v1/learning/rollout-plans/{rollout_plan_id}/receipt,rollout_receipt_boundary,services/decision-service/main.py,2636
decision-service,POST,/v1/learning/retraining-requests/{retraining_request_id}/dispatch-receipt,retraining_dispatch_receipt_boundary,services/decision-service/main.py,2677
decision-service,POST,/v1/learning/runtime-schedules,runtime_schedule_boundary,services/decision-service/main.py,2725
decision-service,POST,/v1/learning/reconcile-evidence,reconcile_evidence_boundary,services/decision-service/main.py,2772
decision-service,POST,/v1/context-snapshots,compose_context_snapshot,services/decision-service/main.py,2802
decision-service,GET,/v1/context-snapshots/{snapshot_id},read_context_snapshot,services/decision-service/main.py,2834
edge-inference,GET,/healthz,health_check,services/edge-inference/main.py,168
edge-inference,POST,/v1/inference/pest-detect,detect_pest,services/edge-inference/main.py,200
edge-inference,POST,/v1/inference/yield-estimate,estimate_yield,services/edge-inference/main.py,262
edge-inference,POST,/v1/sync/trigger,trigger_sync,services/edge-inference/main.py,328
edge-inference,GET,/capabilities,capabilities,services/edge-inference/main.py,360
edge-inference,GET,/readyz,readyz,services/edge-inference/main.py,365
field-management-service,GET,/healthz,healthz,services/field-management-service/main.py,184
field-management-service,GET,/health,legacy_health,services/field-management-service/main.py,189
field-management-service,GET,/readyz,readyz,services/field-management-service/main.py,194
field-management-service,GET,/contract,contract,services/field-management-service/main.py,206
field-management-service,GET,/,root,services/field-management-service/main.py,225
field-management-service,GET,/internal/fields/{field_id},internal_get_field,services/field-management-service/main.py,234
field-management-service,GET,/internal/fields,internal_list_fields,services/field-management-service/main.py,266
field-segmentation,GET,/healthz,healthz,services/field-segmentation/main.py,370
field-segmentation,GET,/health,legacy_health,services/field-segmentation/main.py,375
field-segmentation,GET,/readyz,readyz,services/field-segmentation/main.py,380
field-segmentation,POST,/v1/segment,segment,services/field-segmentation/main.py,391
guardrails-engine,GET,/healthz,healthz,services/guardrails-engine/routers/health.py,22
guardrails-engine,GET,/readyz,readyz,services/guardrails-engine/routers/health.py,27
guardrails-engine,GET,/metrics,metrics_endpoint,services/guardrails-engine/routers/health.py,46
guardrails-engine,POST,/v1/validate,validate_action,services/guardrails-engine/routers/validation.py,28
guardrails-engine,POST,/v1/approve/{workflow_id},approve_workflow,services/guardrails-engine/routers/validation.py,42
guardrails-engine,GET,/v1/workflow/{workflow_id},get_workflow,services/guardrails-engine/routers/validation.py,62
indicators-service,GET,/healthz,healthz,services/indicators-service/main.py,63
indicators-service,GET,/health,legacy_health,services/indicators-service/main.py,68
indicators-service,GET,/readyz,ready,services/indicators-service/main.py,73
indicators-service,GET,/v1/indicators/ownership,ownership,services/indicators-service/main.py,87
indicators-service,GET,/v1/indicators/catalog,catalog,services/indicators-service/main.py,92
indicators-service,GET,/capabilities,capabilities,services/indicators-service/main.py,102
indicators-service,GET,/contract,contract,services/indicators-service/main.py,125
indicators-service,POST,/v1/indicators/compute,compute_indicator,services/indicators-service/main.py,147
indicators-service,GET,/,root,services/indicators-service/main.py,155
indicators-service,GET,/v1/fields/{field_id}/observations,field_observations,services/indicators-service/main.py,165
indicators-service,GET,/v1/fields/{field_id}/observation-timeline,observation_timeline,services/indicators-service/main.py,196
knowledge-graph,GET,/healthz,healthz,services/knowledge-graph/main.py,89
knowledge-graph,GET,/metrics,metrics,services/knowledge-graph/main.py,94
knowledge-graph,GET,/readyz,readyz,services/knowledge-graph/main.py,111
knowledge-graph,POST,/v1/nodes,upsert_node,services/knowledge-graph/main.py,120
knowledge-graph,POST,/v1/edges,upsert_edge,services/knowledge-graph/main.py,128
knowledge-graph,GET,/v1/edges,edges,services/knowledge-graph/main.py,137
knowledge-graph,POST,/graphql,graphql,services/knowledge-graph/main.py,151
local-ai-rag,POST,/v1/query,query_endpoint,services/local-ai-rag/main.py,420
local-ai-rag,POST,/v1/ingest,ingest_endpoint,services/local-ai-rag/main.py,430
local-ai-rag,GET,/healthz,healthz,services/local-ai-rag/main.py,482
local-ai-rag,GET,/health,legacy_health,services/local-ai-rag/main.py,500
local-ai-rag,GET,/readyz,readyz,services/local-ai-rag/main.py,505
mcp-servers,GET,/healthz,healthz,services/mcp_servers/generic_context_server.py,122
mcp-servers,GET,/readyz,readyz,services/mcp_servers/generic_context_server.py,127
mcp-servers,GET,/v1/mcp/tools,list_tools,services/mcp_servers/generic_context_server.py,134
mcp-servers,POST,/v1/mcp/tools/call,call_tool,services/mcp_servers/generic_context_server.py,151
mcp-servers,GET,/v1/mcp/tools/list,mcp_tools_list,services/mcp_servers/market_server.py,546
mcp-servers,POST,/v1/mcp/tools/call,mcp_tools_call,services/mcp_servers/market_server.py,578
mcp-servers,GET,/v1/products,api_search_products,services/mcp_servers/market_server.py,632
mcp-servers,GET,/v1/suppliers/{supplier_id},api_get_supplier,services/mcp_servers/market_server.py,644
mcp-servers,POST,/v1/procurement,api_create_procurement,services/mcp_servers/market_server.py,649
mcp-servers,GET,/v1/procurement/{order_id},api_get_procurement,services/mcp_servers/market_server.py,655
mcp-servers,POST,/v1/sales,api_create_sales,services/mcp_servers/market_server.py,662
mcp-servers,GET,/v1/sales,api_search_sales,services/mcp_servers/market_server.py,667
mcp-servers,GET,/v1/price-history/{category},api_price_history,services/mcp_servers/market_server.py,684
mcp-servers,GET,/v1/analytics/{tenant_id},api_analytics,services/mcp_servers/market_server.py,691
mcp-servers,GET,/healthz,health,services/mcp_servers/market_server.py,698
mcp-servers,GET,/readyz,readyz,services/mcp_servers/market_server.py,715
mcp-servers,GET,/v1/mcp/tools,list_tools,services/mcp_servers/sentinel_hub_server.py,199
mcp-servers,POST,/v1/mcp/tools/call,call_tool,services/mcp_servers/sentinel_hub_server.py,286
mcp-servers,GET,/healthz,healthz,services/mcp_servers/sentinel_hub_server.py,487
mcp-servers,GET,/readyz,readyz,services/mcp_servers/sentinel_hub_server.py,492
mcp-servers,GET,/v1/mcp/tools,list_tools,services/mcp_servers/weather_server.py,85
mcp-servers,POST,/v1/mcp/tools/call,call_tool,services/mcp_servers/weather_server.py,148
mcp-servers,GET,/healthz,healthz,services/mcp_servers/weather_server.py,335
mcp-servers,GET,/readyz,readyz,services/mcp_servers/weather_server.py,340
mcp-servers,GET,/v1/mcp/tools,list_tools,services/mcp_servers/wofost_server.py,51
mcp-servers,POST,/v1/mcp/tools/call,call_tool,services/mcp_servers/wofost_server.py,114
mcp-servers,GET,/healthz,healthz,services/mcp_servers/wofost_server.py,283
mcp-servers,GET,/readyz,readyz,services/mcp_servers/wofost_server.py,288
odoo-bridge,GET,/v1/erp/provider,erp_provider_status,services/odoo-bridge/routers/catalog.py,17
odoo-bridge,GET,/v1/config,get_config,services/odoo-bridge/routers/catalog.py,33
odoo-bridge,GET,/v1/logs,get_logs,services/odoo-bridge/routers/catalog.py,50
odoo-bridge,GET,/v1/products,list_erp_products,services/odoo-bridge/routers/catalog.py,71
odoo-bridge,GET,/v1/suppliers,list_erp_suppliers,services/odoo-bridge/routers/catalog.py,78
odoo-bridge,GET,/healthz,healthz,services/odoo-bridge/routers/health.py,31
odoo-bridge,GET,/readyz,readyz,services/odoo-bridge/routers/health.py,41
odoo-bridge,GET,/v1/readyz/capabilities,readyz_capabilities,services/odoo-bridge/routers/health.py,76
odoo-bridge,POST,/v1/sync,trigger_sync,services/odoo-bridge/routers/sync.py,78
odoo-bridge,POST,/v1/webhook/odoo,odoo_webhook,services/odoo-bridge/routers/webhooks.py,21
rag-retrieval,GET,/healthz,healthz,services/rag-retrieval/main.py,55
rag-retrieval,GET,/metrics,metrics,services/rag-retrieval/main.py,60
rag-retrieval,GET,/readyz,readyz,services/rag-retrieval/main.py,73
rag-retrieval,POST,/v1/ingest,ingest,services/rag-retrieval/main.py,90
rag-retrieval,POST,/v1/search,search,services/rag-retrieval/main.py,115
raster-service,POST,/v1/zones/classify,zones_classify,services/raster-service/routers/analysis.py,30
raster-service,POST,/v1/change/detect,change_detect,services/raster-service/routers/analysis.py,48
raster-service,POST,/v1/fvc/compute,fvc_compute,services/raster-service/routers/analysis.py,85
raster-service,POST,/v1/sar/rvi,sar_rvi_endpoint,services/raster-service/routers/analysis.py,111
raster-service,POST,/v1/terrain/slope,terrain_slope,services/raster-service/routers/analysis.py,135
raster-service,GET,/v1/cog/validate,cog_validate,services/raster-service/routers/analysis.py,153
raster-service,POST,/v1/salinity/classify,salinity_classify,services/raster-service/routers/analysis.py,168
raster-service,POST,/v1/salinity/calibrate,salinity_calibrate,services/raster-service/routers/analysis.py,175
raster-service,GET,/v1/fields/{field_id}/cdse-tiles/{z}/{x}/{y}.png,field_cdse_tile,services/raster-service/routers/cdse_tiles.py,116
raster-service,GET,/v1/fields/{field_id}/cdse-thumbnail.png,field_cdse_thumbnail,services/raster-service/routers/cdse_tiles.py,191
raster-service,GET,/v1/fields/{field_id}/cdse-tilejson,field_cdse_tilejson,services/raster-service/routers/cdse_tiles.py,255
raster-service,GET,/v1/gis/admin-boundaries,gis_admin_boundaries,services/raster-service/routers/fields.py,92
raster-service,POST,/v1/fields/{field_id}/process-from-stac,process_from_stac,services/raster-service/routers/fields.py,141
raster-service,POST,/v1/fields/{field_id}/imagery/backfill,field_historical_backfill,services/raster-service/routers/fields.py,226
raster-service,GET,/v1/fields/{field_id}/imagery/backfill/{run_id},field_backfill_run_status,services/raster-service/routers/fields.py,608
raster-service,POST,/v1/fields/{field_id}/imagery/process-date,field_process_date,services/raster-service/routers/fields.py,626
raster-service,POST,/v1/fields/{field_id}/geometry/versions,create_field_geometry_version,services/raster-service/routers/fields.py,695
raster-service,POST,/v1/fields/analytics/geoparquet/export,export_field_analytics_geoparquet,services/raster-service/routers/fields.py,724
raster-service,POST,/v1/fields/{field_id}/process-cdse,process_cdse,services/raster-service/routers/fields.py,776
raster-service,GET,/v1/fields/{field_id}/indicator-grid,field_indicator_grid,services/raster-service/routers/fields.py,844
raster-service,GET,/v1/fields/{field_id}/indicator-observation-bundle,field_indicator_observation_bundle,services/raster-service/routers/fields.py,882
raster-service,GET,/v1/fields/{field_id}/pixel,field_pixel_value,services/raster-service/routers/fields.py,971
raster-service,POST,/v1/fields/{field_id}/prescription,field_prescription,services/raster-service/routers/fields.py,1050
raster-service,POST,/v1/fields/{field_id}/change,field_change,services/raster-service/routers/fields.py,1129
raster-service,GET,/v1/fields/{field_id}/timeseries,field_timeseries,services/raster-service/routers/fields.py,1186
raster-service,GET,/v1/fields/{field_id}/tiles/{z}/{x}/{y}.png,field_tile,services/raster-service/routers/fields.py,1277
raster-service,GET,/v1/fields/{field_id}/available-dates,field_available_dates,services/raster-service/routers/fields.py,1351
raster-service,GET,/v1/fields/{field_id}/terrain,field_terrain,services/raster-service/routers/fields.py,1549
raster-service,GET,/v1/fields/{field_id}/tilejson,field_tilejson,services/raster-service/routers/fields.py,1615
raster-service,GET,/v1/imagery/backfill/policy,historical_backfill_policy,services/raster-service/routers/imagery.py,22
raster-service,GET,/v1/imagery/quality/policy,imagery_quality_policy,services/raster-service/routers/imagery.py,44
raster-service,POST,/v1/imagery/scenes/rank,rank_imagery_scenes,services/raster-service/routers/imagery.py,78
raster-service,POST,/v1/imagery/mosaic/plan,imagery_mosaic_plan,services/raster-service/routers/imagery.py,91
raster-service,POST,/v1/scenes/quality-score,scene_quality_score,services/raster-service/routers/imagery.py,114
raster-service,POST,/v1/cog/registry/preview,cog_registry_preview,services/raster-service/routers/imagery.py,130
raster-service,GET,/v1/imagery/search/recent,imagery_search_recent,services/raster-service/routers/imagery_search.py,24
raster-service,GET,/v1/imagery/search/season,imagery_search_season,services/raster-service/routers/imagery_search.py,43
raster-service,GET,/v1/imagery/best,imagery_best_scene,services/raster-service/routers/imagery_search.py,65
raster-service,POST,/v1/imagery/search,imagery_search,services/raster-service/routers/imagery_search.py,120
raster-service,GET,/v1/imagery/search/radar,imagery_search_radar,services/raster-service/routers/imagery_search.py,132
raster-service,GET,/v1/imagery/search/landsat,imagery_search_landsat,services/raster-service/routers/imagery_search.py,157
raster-service,GET,/v1/imagery/dem,imagery_dem,services/raster-service/routers/imagery_search.py,186
raster-service,GET,/v1/jobs/{job_id},job_status,services/raster-service/routers/jobs.py,19
raster-service,GET,/v1/jobs/{job_id}/result,job_result,services/raster-service/routers/jobs.py,37
raster-service,GET,/healthz,healthz,services/raster-service/routers/observability.py,31
raster-service,GET,/metrics,metrics,services/raster-service/routers/observability.py,36
raster-service,GET,/v1/tiles/observability,tile_observability,services/raster-service/routers/observability.py,130
raster-service,GET,/readyz,readyz,services/raster-service/routers/observability.py,171
raster-service,GET,/v1/tile-cache/stats,tile_cache_stats,services/raster-service/routers/observability.py,192
raster-service,GET,/v1/info/{layer_id},raster_info,services/raster-service/routers/observability.py,213
raster-service,GET,/v1/providers/status,providers_status,services/raster-service/routers/observability.py,223
raster-service,GET,/v1/indices,field_indices,services/raster-service/routers/observability.py,253
raster-service,POST,/v1/process,process_raster,services/raster-service/routers/processing.py,28
raster-service,POST,/v1/raw/process,process_raw_data,services/raster-service/routers/processing.py,59
raster-service,POST,/v1/process/batch,process_batch,services/raster-service/routers/processing.py,78
raster-service,GET,/v1/soil/tiles/{prop}/{depth}/{z}/{x}/{y}.png,soil_tile,services/raster-service/routers/soil_tiles.py,37
raster-service,GET,/v1/soil/tilejson,soil_tilejson,services/raster-service/routers/soil_tiles.py,52
raster-service,GET,/v1/soil/properties,soil_properties,services/raster-service/routers/soil_tiles.py,100
raster-service,GET,/v1/fields/{field_id}/soil/summary,field_soil_summary,services/raster-service/routers/soil_tiles.py,144
raster-service,GET,/v1/fields/{field_id}/soil/sampling-zones.geojson,field_soil_sampling_zones,services/raster-service/routers/soil_tiles.py,166
raster-service,GET,/v1/fields/{field_id}/soil/sampling-plan,field_soil_sampling_plan,services/raster-service/routers/soil_tiles.py,193
raster-service,GET,/v1/stac,stac_landing,services/raster-service/routers/stac.py,17
raster-service,GET,/v1/stac/collections,stac_collections,services/raster-service/routers/stac.py,25
raster-service,POST,/v1/stac/mosaicjson,stac_mosaicjson,services/raster-service/routers/stac.py,33
raster-service,POST,/v1/upload/raster,upload_raster,services/raster-service/routers/storage.py,26
raster-service,POST,/v1/upload/drone,upload_drone,services/raster-service/routers/storage.py,43
raster-service,GET,/v1/storage/stats,storage_stats,services/raster-service/routers/storage.py,65
raster-service,POST,/v1/storage/cleanup,storage_cleanup,services/raster-service/routers/storage.py,74
raster-service,GET,/v1/offline/packs,list_offline_packs,services/raster-service/routers/storage.py,87
raster-service,GET,/v1/offline/packs/{pack_name},download_offline_pack,services/raster-service/routers/storage.py,115
raster-service,GET,/v1/terrain/status,terrain_status,services/raster-service/routers/terrain_tiles.py,45
raster-service,GET,/v1/elevation/hillshade/{z}/{x}/{y}.png,hillshade_tile,services/raster-service/routers/terrain_tiles.py,73
raster-service,GET,/v1/slope/{z}/{x}/{y}.png,slope_tile,services/raster-service/routers/terrain_tiles.py,87
raster-service,GET,/v1/terrain/tilejson,terrain_tilejson,services/raster-service/routers/terrain_tiles.py,101
raster-service,GET,/v1/fields/{field_id}/contours.geojson,field_contours,services/raster-service/routers/terrain_tiles.py,156
raster-service,GET,/v1/tiles/{layer_id}/{z}/{x}/{y}.png,get_tile,services/raster-service/routers/tiles.py,23
raster-service,GET,/v1/layers/{layer_id}/tilejson,layer_tilejson,services/raster-service/routers/tiles.py,37
raster-service,GET,/v1/imagery/timeseries,imagery_timeseries,services/raster-service/routers/timeseries_routes.py,24
raster-service,POST,/v1/imagery/timeseries/analyze,imagery_timeseries_analyze,services/raster-service/routers/timeseries_routes.py,77
raster-service,POST,/v1/imagery/timeseries/parallel,imagery_timeseries_parallel,services/raster-service/routers/timeseries_routes.py,92
remote-sensing-workspace-bff,GET,/healthz,healthz,services/remote-sensing-workspace-bff/main.py,33
remote-sensing-workspace-bff,GET,/readyz,readyz,services/remote-sensing-workspace-bff/main.py,38
remote-sensing-workspace-bff,GET,/v1/fields/{field_id}/remote-sensing-workspace,workspace,services/remote-sensing-workspace-bff/main.py,69
sahool-platform,POST,/feature-schema,feature_schema,services/sahool-platform/api/phase10_continuous_learning.py,147
sahool-platform,POST,/dataset,dataset,services/sahool-platform/api/phase10_continuous_learning.py,152
sahool-platform,POST,/models/promote,model_promotion,services/sahool-platform/api/phase10_continuous_learning.py,162
sahool-platform,POST,/online-update,online_update,services/sahool-platform/api/phase10_continuous_learning.py,172
sahool-platform,POST,/experiments/evaluate,experiment_evaluation,services/sahool-platform/api/phase10_continuous_learning.py,182
sahool-platform,POST,/scenario,scenario,services/sahool-platform/api/phase10_continuous_learning.py,192
sahool-platform,POST,/cycle,learning_cycle,services/sahool-platform/api/phase10_continuous_learning.py,197
sahool-platform,POST,/drift,drift,services/sahool-platform/api/phase10_continuous_learning.py,209
sahool-platform,POST,/retraining/plan,retraining_plan,services/sahool-platform/api/phase10_continuous_learning.py,218
sahool-platform,POST,/champion-challenger,champion_challenger,services/sahool-platform/api/phase10_continuous_learning.py,225
sahool-platform,POST,/feature-store/register,feature_store_register,services/sahool-platform/api/phase10_continuous_learning.py,237
sahool-platform,POST,/feature-store/offline-dataset,feature_store_offline_dataset,services/sahool-platform/api/phase10_continuous_learning.py,244
sahool-platform,POST,/feature-store/online-materialization,feature_store_online_materialization,services/sahool-platform/api/phase10_continuous_learning.py,254
sahool-platform,POST,/feature-store/point-in-time,feature_store_point_in_time,services/sahool-platform/api/phase10_continuous_learning.py,262
sahool-platform,POST,/models/register,model_register,services/sahool-platform/api/phase10_continuous_learning.py,269
sahool-platform,POST,/models/serving/promote,model_serving_promote,services/sahool-platform/api/phase10_continuous_learning.py,284
sahool-platform,POST,/models/serving/rollback,model_serving_rollback,services/sahool-platform/api/phase10_continuous_learning.py,291
sahool-platform,GET,/models/serving/{alias:path},model_serving_resolve,services/sahool-platform/api/phase10_continuous_learning.py,301
sahool-platform,POST,/context,context,services/sahool-platform/api/phase11_federated_agents.py,115
sahool-platform,POST,/agents/propose,agents_propose,services/sahool-platform/api/phase11_federated_agents.py,125
sahool-platform,POST,/consensus,consensus,services/sahool-platform/api/phase11_federated_agents.py,132
sahool-platform,POST,/operation-plan,operation_plan,services/sahool-platform/api/phase11_federated_agents.py,142
sahool-platform,POST,/experiments/shadow,shadow_experiment,services/sahool-platform/api/phase11_federated_agents.py,152
sahool-platform,POST,/quality,quality,services/sahool-platform/api/phase11_federated_agents.py,166
sahool-platform,POST,/cycle,cycle,services/sahool-platform/api/phase11_federated_agents.py,171
sahool-platform,POST,/runtime/resolve,runtime_resolve,services/sahool-platform/api/phase11_federated_agents.py,195
sahool-platform,POST,/runtime/authority-envelope,runtime_authority_envelope,services/sahool-platform/api/phase11_federated_agents.py,206
sahool-platform,POST,/runtime/reputation/update,runtime_reputation_update,services/sahool-platform/api/phase11_federated_agents.py,213
sahool-platform,POST,/runtime/event-envelope,runtime_event_envelope,services/sahool-platform/api/phase11_federated_agents.py,224
sahool-platform,POST,/plan,create_execution_plan,services/sahool-platform/api/phase9_autonomous_farm_os.py,112
sahool-platform,POST,/verify,verify_execution,services/sahool-platform/api/phase9_autonomous_farm_os.py,134
sahool-platform,POST,/cycle,run_cycle,services/sahool-platform/api/phase9_autonomous_farm_os.py,148
sahool-platform,POST,/models/register,register_model,services/sahool-platform/api/phase9_autonomous_farm_os.py,175
sahool-platform,POST,/experiments/assign,assign_variant,services/sahool-platform/api/phase9_autonomous_farm_os.py,189
sahool-platform,POST,/events/from-plan,events_from_plan,services/sahool-platform/api/phase9_autonomous_farm_os.py,196
sahool-platform,POST,/events/replay,replay_events,services/sahool-platform/api/phase9_autonomous_farm_os.py,202
sahool-platform,POST,/verify-loop,command_verification_loop,services/sahool-platform/api/phase9_autonomous_farm_os.py,207
sahool-platform,POST,/iot/dispatch/preview,preview_iot_dispatch,services/sahool-platform/api/phase9_autonomous_farm_os.py,217
sahool-platform,POST,/iot/dispatch/simulate,simulate_iot_dispatch,services/sahool-platform/api/phase9_autonomous_farm_os.py,230
sahool-platform,POST,/iot/telemetry/verify,verify_iot_telemetry,services/sahool-platform/api/phase9_autonomous_farm_os.py,251
sahool-platform,GET,/api/v1/admin/events/dead-letter,admin_events_dead_letter,services/sahool-platform/api/routers/admin.py,35
sahool-platform,POST,/api/v1/admin/events/dead-letter/{outbox_id}/requeue,admin_requeue_dead_letter,services/sahool-platform/api/routers/admin.py,83
sahool-platform,POST,/api/v1/admin/events/dead-letter/requeue-all,admin_requeue_all_dead_letter,services/sahool-platform/api/routers/admin.py,101
sahool-platform,GET,/api/v1/admin/outbox/dead-letter,admin_outbox_dead_letter,services/sahool-platform/api/routers/admin.py,122
sahool-platform,POST,/api/v1/admin/outbox/dead-letter/requeue,admin_outbox_requeue_dead_letter,services/sahool-platform/api/routers/admin.py,159
sahool-platform,GET,/api/v1/agricultural-proverbs/for-date,agricultural_proverbs_for_date,services/sahool-platform/api/routers/agricultural_proverbs.py,22
sahool-platform,GET,/api/v1/agricultural-proverbs,agricultural_proverbs,services/sahool-platform/api/routers/agricultural_proverbs.py,30
sahool-platform,POST,/api/v1/agro/crop-risk,crop_risk_endpoint,services/sahool-platform/api/routers/agro_intelligence.py,154
sahool-platform,POST,/api/v1/agro/plant-soil-feedback,plant_soil_feedback_endpoint,services/sahool-platform/api/routers/agro_intelligence.py,167
sahool-platform,POST,/api/v1/agro/plant-soil-feedback/trend,plant_soil_feedback_trend_endpoint,services/sahool-platform/api/routers/agro_intelligence.py,175
sahool-platform,POST,/api/v1/agro/crop-rotation,crop_rotation_endpoint,services/sahool-platform/api/routers/agro_intelligence.py,189
sahool-platform,POST,/api/v1/agro/season-comparison,season_comparison_endpoint,services/sahool-platform/api/routers/agro_intelligence.py,206
sahool-platform,POST,/api/v1/agro/decision-playbook,decision_playbook_endpoint,services/sahool-platform/api/routers/agro_intelligence.py,214
sahool-platform,POST,/api/v1/work-orders/from-recommendation,work_order_from_recommendation_endpoint,services/sahool-platform/api/routers/agro_intelligence.py,303
sahool-platform,GET,/api/v1/agro-zones/list,agro_zones_list_endpoint,services/sahool-platform/api/routers/agro_zones.py,29
sahool-platform,GET,/api/v1/agro-zones/profile,agro_zone_profile_endpoint,services/sahool-platform/api/routers/agro_zones.py,35
sahool-platform,GET,/api/v1/agro-zones/identify,agro_zone_identify_endpoint,services/sahool-platform/api/routers/agro_zones.py,41
sahool-platform,GET,/api/v1/agro-zones/suited-crops,agro_zone_suited_endpoint,services/sahool-platform/api/routers/agro_zones.py,47
sahool-platform,GET,/api/v1/agro-zones/by-elevation,agro_zone_elevation_endpoint,services/sahool-platform/api/routers/agro_zones.py,53
sahool-platform,GET,/api/v1/agro-zones/identify-smart,agro_zone_identify_smart_endpoint,services/sahool-platform/api/routers/agro_zones.py,61
sahool-platform,GET,/api/v1/fields/{field_id}/agronomic-replay,agronomic_replay_endpoint,services/sahool-platform/api/routers/agronomic_replay.py,58
sahool-platform,GET,/api/v1/ai/models,list_ai_models,services/sahool-platform/api/routers/ai_models.py,21
sahool-platform,GET,/api/v1/alerts,list_alerts,services/sahool-platform/api/routers/alerts.py,51
sahool-platform,POST,/api/v1/alerts,create_alert,services/sahool-platform/api/routers/alerts.py,98
sahool-platform,PATCH,/api/v1/alerts/{alert_id}/acknowledge,acknowledge_alert,services/sahool-platform/api/routers/alerts.py,205
sahool-platform,GET,/api/v1/analytics/costs,analytics_costs,services/sahool-platform/api/routers/analytics.py,29
sahool-platform,GET,/api/v1/analytics/costs/by-field,analytics_costs_by_field,services/sahool-platform/api/routers/analytics.py,57
sahool-platform,GET,/api/v1/aromatic-crops/list,aromatic_crops_list_endpoint,services/sahool-platform/api/routers/aromatic_crops.py,25
sahool-platform,GET,/api/v1/astronomical-timing/stars,astronomical_stars,services/sahool-platform/api/routers/astronomical_timing.py,29
sahool-platform,POST,/api/v1/astronomical-timing/cross-check,astronomical_cross_check,services/sahool-platform/api/routers/astronomical_timing.py,35
sahool-platform,POST,/api/v1/auth/login,login,services/sahool-platform/api/routers/auth.py,47
sahool-platform,GET,/api/v1/auth/me,auth_me,services/sahool-platform/api/routers/auth.py,91
sahool-platform,POST,/api/v1/auth/logout,auth_logout,services/sahool-platform/api/routers/auth.py,104
sahool-platform,POST,/api/v1/auth/signup,auth_signup,services/sahool-platform/api/routers/auth.py,132
sahool-platform,GET,/api/v1/automation/scheduler-status,scheduler_status_endpoint,services/sahool-platform/api/routers/automation.py,42
sahool-platform,GET,/api/v1/automation/runs,automation_runs_endpoint,services/sahool-platform/api/routers/automation.py,57
sahool-platform,POST,/api/v1/automation/weather/register,weather_register_endpoint,services/sahool-platform/api/routers/automation.py,76
sahool-platform,GET,/api/v1/automation/weather/cached,weather_cached_endpoint,services/sahool-platform/api/routers/automation.py,99
sahool-platform,GET,/api/v1/automation/weather/status,weather_automation_status_endpoint,services/sahool-platform/api/routers/automation.py,118
sahool-platform,POST,/api/v1/automation/imagery/register-field,imagery_register_field_endpoint,services/sahool-platform/api/routers/automation.py,126
sahool-platform,GET,/api/v1/automation/imagery/status,imagery_automation_status_endpoint,services/sahool-platform/api/routers/automation.py,152
sahool-platform,POST,/api/v1/automation/alerts/run,automation_run_alerts_endpoint,services/sahool-platform/api/routers/automation.py,164
sahool-platform,PATCH,/api/v1/fields/{field_id}/boundary/review,review_field_boundary,services/sahool-platform/api/routers/boundaries.py,36
sahool-platform,POST,/api/v1/fields/{field_id}/boundary/score,score_field_boundary,services/sahool-platform/api/routers/boundaries.py,79
sahool-platform,POST,/api/v1/fields/{field_id}/boundary/clean,clean_field_boundary,services/sahool-platform/api/routers/boundaries.py,181
sahool-platform,POST,/api/v1/fields/boundary-graph/rebuild,rebuild_boundary_graph,services/sahool-platform/api/routers/boundaries.py,244
sahool-platform,GET,/api/v1/fields/{field_id}/boundary-graph,get_field_boundary_graph,services/sahool-platform/api/routers/boundaries.py,265
sahool-platform,POST,/api/v1/admin/break-glass,request_break_glass,services/sahool-platform/api/routers/break_glass.py,141
sahool-platform,GET,/api/v1/admin/break-glass/{token}/fields,break_glass_read_fields,services/sahool-platform/api/routers/break_glass.py,318
sahool-platform,DELETE,/api/v1/admin/break-glass/{grant_id},revoke_break_glass,services/sahool-platform/api/routers/break_glass.py,358
sahool-platform,GET,/api/v1/calendars/today,calendars_today,services/sahool-platform/api/routers/calendars.py,21
sahool-platform,GET,/api/v1/calendars/lunar-mansions,calendars_lunar_mansions,services/sahool-platform/api/routers/calendars.py,53
sahool-platform,GET,/api/v1/calendars/himyarite-months,calendars_himyarite_months,services/sahool-platform/api/routers/calendars.py,61
sahool-platform,GET,/api/v1/calendars/regional-profiles,calendars_regional_profiles,services/sahool-platform/api/routers/calendars.py,69
sahool-platform,GET,/api/v1/calendars/context,calendars_context,services/sahool-platform/api/routers/calendars.py,77
sahool-platform,GET,/api/v1/calibration,list_calibration,services/sahool-platform/api/routers/calibration.py,95
sahool-platform,GET,/api/v1/calibration/{region},get_region_calibration,services/sahool-platform/api/routers/calibration.py,106
sahool-platform,POST,/api/v1/calibration/{region}/evidence,compute_region_evidence,services/sahool-platform/api/routers/calibration.py,124
sahool-platform,GET,/api/v1/calibration/{region}/evidence/persisted,get_persisted_region_evidence,services/sahool-platform/api/routers/calibration.py,144
sahool-platform,POST,/api/v1/calibration/feedback,compute_learning_feedback,services/sahool-platform/api/routers/calibration.py,196
sahool-platform,POST,/api/v1/calibration/{region}/adapt,propose_region_adaptation,services/sahool-platform/api/routers/calibration.py,214
sahool-platform,POST,/api/v1/calibration/{region}/adapt-from-evidence,propose_region_adaptation_from_evidence,services/sahool-platform/api/routers/calibration.py,247
sahool-platform,POST,/api/v1/calibration/{region}/adapt-from-evidence/apply,apply_region_adaptation_from_evidence,services/sahool-platform/api/routers/calibration.py,302
sahool-platform,POST,/api/v1/calibration/{region}/propose-values,propose_region_values,services/sahool-platform/api/routers/calibration.py,420
sahool-platform,POST,/api/v1/calibration/{region}/override,set_region_override,services/sahool-platform/api/routers/calibration.py,443
sahool-platform,GET,/api/v1/calibration/{region}/resolved,get_resolved_region_calibration,services/sahool-platform/api/routers/calibration.py,509
sahool-platform,GET,/api/v1/calibration/overrides/all,list_region_overrides,services/sahool-platform/api/routers/calibration.py,538
sahool-platform,DELETE,/api/v1/calibration/{region}/override,delete_region_override,services/sahool-platform/api/routers/calibration.py,571
sahool-platform,GET,/api/v1/calibration/{region}/audit,get_region_calibration_audit,services/sahool-platform/api/routers/calibration.py,617
sahool-platform,POST,/api/v1/cameras/register,cameras_register,services/sahool-platform/api/routers/cameras.py,37
sahool-platform,POST,/api/v1/cameras/snapshot-evidence,cameras_snapshot_evidence,services/sahool-platform/api/routers/cameras.py,58
sahool-platform,GET,/api/v1/capabilities,list_capabilities,services/sahool-platform/api/routers/capabilities.py,22
sahool-platform,POST,/api/v1/chemical-safety/check,chemical_safety_check,services/sahool-platform/api/routers/chemical_safety.py,31
sahool-platform,GET,/api/v1/chemical-safety/banned,chemical_safety_banned,services/sahool-platform/api/routers/chemical_safety.py,40
sahool-platform,GET,/api/v1/climate-analogs/list,climate_analogs_list_endpoint,services/sahool-platform/api/routers/climate_analogs.py,28
sahool-platform,GET,/api/v1/climate-analogs/detail,climate_analogs_detail_endpoint,services/sahool-platform/api/routers/climate_analogs.py,34
sahool-platform,GET,/api/v1/climate-analogs/desert-crops,climate_analogs_crops_endpoint,services/sahool-platform/api/routers/climate_analogs.py,40
sahool-platform,GET,/api/v1/climate-analogs/strategic-tiers,climate_analogs_strategic_endpoint,services/sahool-platform/api/routers/climate_analogs.py,46
sahool-platform,GET,/api/v1/climate-analogs/strategy,climate_analogs_strategy_endpoint,services/sahool-platform/api/routers/climate_analogs.py,54
sahool-platform,GET,/api/v1/coffee/site-suitability,coffee_site_endpoint,services/sahool-platform/api/routers/coffee.py,34
sahool-platform,GET,/api/v1/coffee/guide,coffee_guide_endpoint,services/sahool-platform/api/routers/coffee.py,40
sahool-platform,GET,/api/v1/coffee/varieties,coffee_varieties_endpoint,services/sahool-platform/api/routers/coffee.py,46
sahool-platform,GET,/api/v1/coffee/pests,coffee_pests_endpoint,services/sahool-platform/api/routers/coffee.py,52
sahool-platform,GET,/api/v1/commands/{command_id},get_command,services/sahool-platform/api/routers/commands.py,31
sahool-platform,GET,/api/indicators/readyz,indicators_readyz_alias,services/sahool-platform/api/routers/compat_gateway.py,31
sahool-platform,GET,/api/weather/readyz,weather_readyz_alias,services/sahool-platform/api/routers/compat_gateway.py,37
sahool-platform,GET,/api/vegetation/readyz,vegetation_readyz_alias,services/sahool-platform/api/routers/compat_gateway.py,43
sahool-platform,GET,/api/agent/health,agent_health_alias,services/sahool-platform/api/routers/compat_gateway.py,48
sahool-platform,GET,/api/vegetation/v1/all_fields,vegetation_all_fields_passthrough,services/sahool-platform/api/routers/compat_gateway.py,53
sahool-platform,GET,/api/vegetation/v1/analyze,vegetation_analyze_passthrough,services/sahool-platform/api/routers/compat_gateway.py,80
sahool-platform,GET,/api/raster/{path:path},raster_api_passthrough,services/sahool-platform/api/routers/compat_gateway.py,114
sahool-platform,POST,/api/v1/confidence/ndvi,ndvi_confidence,services/sahool-platform/api/routers/confidence.py,35
sahool-platform,POST,/api/v1/confidence/irrigation,irrigation_rec_confidence,services/sahool-platform/api/routers/confidence.py,54
sahool-platform,POST,/api/v1/confidence-gate,confidence_gate,services/sahool-platform/api/routers/confidence_gate.py,27
sahool-platform,GET,/api/v1/consistency/irrigation,consistency_irrigation_endpoint,services/sahool-platform/api/routers/consistency.py,35
sahool-platform,GET,/api/v1/consistency/freshness,consistency_freshness_endpoint,services/sahool-platform/api/routers/consistency.py,57
sahool-platform,GET,/api/v1/crop-cards,crop_cards_index,services/sahool-platform/api/routers/crop_cards.py,33
sahool-platform,GET,/api/v1/crop-cards/crop/{crop_id},crop_card_detail,services/sahool-platform/api/routers/crop_cards.py,58
sahool-platform,GET,/api/v1/crop-cards/variety/{variety_id},variety_card_detail,services/sahool-platform/api/routers/crop_cards.py,70
sahool-platform,GET,/api/v1/crop-cards/variety/{variety_id}/salinity-suitability,variety_salinity_suitability,services/sahool-platform/api/routers/crop_cards.py,83
sahool-platform,GET,/api/v1/crop-cards/variety/{variety_id}/expected-harvest,variety_expected_harvest,services/sahool-platform/api/routers/crop_cards.py,96
sahool-platform,GET,/api/v1/crop-cards/variety/{variety_id}/disease-watch,variety_disease_watch_endpoint,services/sahool-platform/api/routers/crop_cards.py,113
sahool-platform,GET,/api/v1/crops/{crop_id}/operations-calendar,crop_operations_calendar_endpoint,services/sahool-platform/api/routers/crop_operations.py,24
sahool-platform,POST,/api/v1/crop-suitability,crop_suitability,services/sahool-platform/api/routers/crop_suitability.py,31
sahool-platform,POST,/api/v1/crop-twin/compose,compose_crop_twin,services/sahool-platform/api/routers/crop_twin.py,300
sahool-platform,POST,/api/v1/crop-twin/decision-candidate,crop_decision_candidate_endpoint,services/sahool-platform/api/routers/crop_twin.py,352
sahool-platform,POST,/api/v1/crop-twin/decision,crop_decision_endpoint,services/sahool-platform/api/routers/crop_twin.py,459
sahool-platform,POST,/api/v1/crop-twin/decision/profit-aware,profit_aware_decision_endpoint,services/sahool-platform/api/routers/crop_twin.py,585
sahool-platform,GET,/api/v1/crops/drought-resilience,crop_drought_resilience,services/sahool-platform/api/routers/crops.py,26
sahool-platform,GET,/api/v1/crops/compare-drought-resilience,compare_drought_resilience,services/sahool-platform/api/routers/crops.py,47
sahool-platform,GET,/api/v1/cultural-calendar,cultural_calendar,services/sahool-platform/api/routers/cultural_calendar.py,24
sahool-platform,POST,/api/v1/data-readiness,data_readiness,services/sahool-platform/api/routers/data_readiness.py,30
sahool-platform,GET,/api/v1/decision/for-location,decision_for_location_endpoint,services/sahool-platform/api/routers/decision.py,33
sahool-platform,GET,/api/v1/decision/explain,decision_explain_endpoint,services/sahool-platform/api/routers/decision.py,48
sahool-platform,GET,/api/v1/fields/{field_id}/decision-confidence,decision_confidence_endpoint,services/sahool-platform/api/routers/decision_confidence.py,74
sahool-platform,POST,/api/v1/decision/unified,unified_decision_endpoint,services/sahool-platform/api/routers/decision_dispatch.py,126
sahool-platform,POST,/api/v1/decision/dispatch/evaluate,evaluate_dispatch_endpoint,services/sahool-platform/api/routers/decision_dispatch.py,195
sahool-platform,POST,/api/v1/decision/dispatch/execute,execute_dispatch_endpoint,services/sahool-platform/api/routers/decision_dispatch.py,244
sahool-platform,POST,/api/v1/decision/dispatch/consume,consume_dispatch_queue,services/sahool-platform/api/routers/decision_dispatch.py,428
sahool-platform,GET,/api/v1/decision/dispatch/decisions,list_dispatch_decisions,services/sahool-platform/api/routers/decision_dispatch.py,476
sahool-platform,GET,/api/v1/decision/dispatch/queue,list_dispatch_queue,services/sahool-platform/api/routers/decision_dispatch.py,508
sahool-platform,POST,/api/v1/decision/ledger,record_execution_outcome,services/sahool-platform/api/routers/decision_dispatch.py,564
sahool-platform,GET,/api/v1/decision/ledger,list_execution_ledger,services/sahool-platform/api/routers/decision_dispatch.py,660
sahool-platform,GET,/api/v1/decision/{decision_id}/explain,explain_decision_endpoint,services/sahool-platform/api/routers/decision_explain.py,63
sahool-platform,GET,/api/v1/decision/impact,get_impact,services/sahool-platform/api/routers/decision_impact.py,103
sahool-platform,GET,/api/v1/decision/learning,get_learning,services/sahool-platform/api/routers/decision_impact.py,119
sahool-platform,GET,/api/v1/decision/economics,get_decision_economics,services/sahool-platform/api/routers/decision_impact.py,142
sahool-platform,POST,/api/v1/decision/policies,create_policy,services/sahool-platform/api/routers/decision_policies.py,82
sahool-platform,GET,/api/v1/decision/policies,list_policies,services/sahool-platform/api/routers/decision_policies.py,113
sahool-platform,POST,/api/v1/decision/policies/resolve,resolve_policy_endpoint,services/sahool-platform/api/routers/decision_policies.py,148
sahool-platform,POST,/api/v1/decision/record,record_decision,services/sahool-platform/api/routers/decision_record.py,327
sahool-platform,POST,/api/v1/outcome/record,record_outcome,services/sahool-platform/api/routers/decision_record.py,430
sahool-platform,GET,/api/v1/decision/{decision_id}/lineage,get_decision_lineage,services/sahool-platform/api/routers/decision_record.py,537
sahool-platform,GET,/api/v1/decision/records,list_decision_records,services/sahool-platform/api/routers/decision_record.py,577
sahool-platform,GET,/api/v1/field/{field_id}/lineage,get_field_lineage,services/sahool-platform/api/routers/decision_record.py,628
sahool-platform,GET,/api/v1/decisions/review-queue,get_decision_review_queue,services/sahool-platform/api/routers/decision_review.py,45
sahool-platform,GET,/api/v1/decisions/{decision_id}/agronomic-evidence,get_decision_agronomic_evidence_boundary,services/sahool-platform/api/routers/decision_review.py,71
sahool-platform,POST,/api/v1/decisions/{decision_id}/review,review_decision_candidate,services/sahool-platform/api/routers/decision_review.py,107
sahool-platform,POST,/api/v1/decisions/{decision_id}/execution-plan,create_decision_execution_plan,services/sahool-platform/api/routers/decision_review.py,188
sahool-platform,POST,/api/v1/execution-plans/{execution_plan_id}/authorize-dispatch,authorize_execution_plan_dispatch,services/sahool-platform/api/routers/decision_review.py,328
sahool-platform,POST,/api/v1/dispatch-authorizations/{dispatch_authorization_id}/execute,create_authorized_execution_request,services/sahool-platform/api/routers/decision_review.py,393
sahool-platform,POST,/api/v1/execution-requests/{execution_request_id}/verify-outcome,verify_execution_outcome_boundary,services/sahool-platform/api/routers/decision_review.py,460
sahool-platform,POST,/api/v1/outcomes/{outcome_id}/learning-attribution,create_learning_attribution_boundary,services/sahool-platform/api/routers/decision_review.py,523
sahool-platform,GET,/api/v1/learning/calibration-dataset,read_calibration_dataset_boundary,services/sahool-platform/api/routers/decision_review.py,579
sahool-platform,POST,/api/v1/learning/evaluation-runs,register_model_evaluation_boundary,services/sahool-platform/api/routers/decision_review.py,633
sahool-platform,POST,/api/v1/learning/promotion-decisions,register_model_promotion_decision_boundary,services/sahool-platform/api/routers/decision_review.py,684
sahool-platform,POST,/api/v1/learning/activation-requests,register_model_activation_request_boundary,services/sahool-platform/api/routers/decision_review.py,729
sahool-platform,POST,/api/v1/learning/activation-requests/{activation_request_id}/review,review_model_activation_request_boundary,services/sahool-platform/api/routers/decision_review.py,777
sahool-platform,POST,/api/v1/learning/activation-commands/{activation_command_id}/claim,claim_registry_activation_command_bff,services/sahool-platform/api/routers/decision_review.py,831
sahool-platform,POST,/api/v1/learning/activation-commands/{activation_command_id}/receipt,record_registry_activation_receipt_bff,services/sahool-platform/api/routers/decision_review.py,868
sahool-platform,POST,/api/v1/learning/activation-receipts/{activation_receipt_id}/rollback-command,create_registry_rollback_command_bff,services/sahool-platform/api/routers/decision_review.py,900
sahool-platform,GET,/api/v1/devices/twin,device_twin_endpoint,services/sahool-platform/api/routers/device_twin.py,79
sahool-platform,POST,/api/v1/devices,register_device,services/sahool-platform/api/routers/devices.py,42
sahool-platform,GET,/api/v1/devices,list_devices,services/sahool-platform/api/routers/devices.py,97
sahool-platform,POST,/api/v1/devices/{device_id}/telemetry,ingest_telemetry,services/sahool-platform/api/routers/devices.py,123
sahool-platform,GET,/api/v1/devices/{device_id}/telemetry,list_telemetry,services/sahool-platform/api/routers/devices.py,167
sahool-platform,GET,/api/v1/devices/fleet-health,devices_fleet_health,services/sahool-platform/api/routers/devices.py,192
sahool-platform,POST,/api/v1/diagnose,diagnose_symptoms,services/sahool-platform/api/routers/diagnose.py,32
sahool-platform,GET,/api/v1/diagnose/symptoms,diagnosis_symptom_catalog,services/sahool-platform/api/routers/diagnose.py,91
sahool-platform,GET,/api/v1/districts,districts_index,services/sahool-platform/api/routers/districts.py,25
sahool-platform,GET,/api/v1/districts/{district_id},district_detail,services/sahool-platform/api/routers/districts.py,48
sahool-platform,GET,/api/v1/districts/{district_id}/active-pests,district_active_pests,services/sahool-platform/api/routers/districts.py,60
sahool-platform,POST,/api/v1/documents,register_document,services/sahool-platform/api/routers/documents.py,36
sahool-platform,GET,/api/v1/documents,list_documents,services/sahool-platform/api/routers/documents.py,88
sahool-platform,GET,/api/v1/documents/{doc_id},get_document,services/sahool-platform/api/routers/documents.py,127
sahool-platform,GET,/api/v1/fields/{field_id}/drawing-features,list_field_drawing_features,services/sahool-platform/api/routers/drawing_features.py,413
sahool-platform,POST,/api/v1/drawing-features/validate,validate_drawing_feature_topology,services/sahool-platform/api/routers/drawing_features.py,445
sahool-platform,POST,/api/v1/drawing-features,create_drawing_feature,services/sahool-platform/api/routers/drawing_features.py,468
sahool-platform,PATCH,/api/v1/drawing-features/{feature_id},update_drawing_feature,services/sahool-platform/api/routers/drawing_features.py,536
sahool-platform,DELETE,/api/v1/drawing-features/{feature_id},delete_drawing_feature,services/sahool-platform/api/routers/drawing_features.py,636
sahool-platform,GET,/api/v1/economics/cost-categories,economics_categories_endpoint,services/sahool-platform/api/routers/economics.py,26
sahool-platform,POST,/api/v1/economics/feasibility,economics_feasibility_endpoint,services/sahool-platform/api/routers/economics.py,32
sahool-platform,GET,/api/v1/economics/break-even,economics_break_even_endpoint,services/sahool-platform/api/routers/economics.py,46
sahool-platform,POST,/api/v1/edge/sync,edge_sync_receive,services/sahool-platform/api/routers/edge.py,25
sahool-platform,POST,/api/v1/equipment,create_equipment,services/sahool-platform/api/routers/equipment.py,39
sahool-platform,GET,/api/v1/equipment,list_equipment,services/sahool-platform/api/routers/equipment.py,94
sahool-platform,POST,/api/v1/equipment/{equipment_id}/maintenance,log_maintenance,services/sahool-platform/api/routers/equipment.py,138
sahool-platform,GET,/api/v1/equipment/{equipment_id}/maintenance,list_maintenance,services/sahool-platform/api/routers/equipment.py,204
sahool-platform,POST,/api/v1/escalation/assess,escalation_assess,services/sahool-platform/api/routers/escalation.py,23
sahool-platform,POST,/api/v1/fields/{field_id}/etc-dual,field_etc_dual,services/sahool-platform/api/routers/etc_dual.py,228
sahool-platform,GET,/api/v1/events/{entity_type}/{entity_id},entity_events,services/sahool-platform/api/routers/events.py,32
sahool-platform,POST,/api/v1/evidence/corroborate,evidence_corroborate,services/sahool-platform/api/routers/evidence.py,26
sahool-platform,GET,/api/v1/evidence/map,evidence_map_endpoint,services/sahool-platform/api/routers/evidence_map.py,87
sahool-platform,GET,/api/v1/execution/feedback,execution_feedback_endpoint,services/sahool-platform/api/routers/execution_feedback.py,50
sahool-platform,POST,/api/v1/lineage/link,link_lineage_ref,services/sahool-platform/api/routers/execution_lineage.py,61
sahool-platform,GET,/api/v1/lineage/{lineage_id},get_lineage_chain,services/sahool-platform/api/routers/execution_lineage.py,121
sahool-platform,POST,/api/v1/failures/check,check_failures,services/sahool-platform/api/routers/failures.py,30
sahool-platform,POST,/api/v1/farm-ledger/operations,create_operation_ledger_record,services/sahool-platform/api/routers/farm_operations_ledger.py,211
sahool-platform,GET,/api/v1/farm-ledger/operations,list_operation_ledger_records,services/sahool-platform/api/routers/farm_operations_ledger.py,354
sahool-platform,GET,/api/v1/farm-ledger/summary,farm_ledger_summary,services/sahool-platform/api/routers/farm_operations_ledger.py,402
sahool-platform,POST,/api/v1/farm-ledger/budgets,upsert_season_budget_lines,services/sahool-platform/api/routers/farm_operations_ledger.py,528
sahool-platform,GET,/api/v1/farm-ledger/budgets/{season_id},get_season_budget,services/sahool-platform/api/routers/farm_operations_ledger.py,609
sahool-platform,POST,/api/v1/farm-ledger/revenues,create_revenue_record,services/sahool-platform/api/routers/farm_operations_ledger.py,637
sahool-platform,GET,/api/v1/farm-ledger/variance/{season_id},get_budget_variance,services/sahool-platform/api/routers/farm_operations_ledger.py,729
sahool-platform,GET,/api/v1/farm-ledger/profitability/{season_id},get_season_profitability,services/sahool-platform/api/routers/farm_operations_ledger.py,757
sahool-platform,GET,/api/v1/farm-ledger/erp-projection/{season_id},get_erp_projection,services/sahool-platform/api/routers/farm_operations_ledger.py,792
sahool-platform,POST,/api/v1/farm-ledger/autowrite-preview,operation_autowrite_preview,services/sahool-platform/api/routers/farm_operations_ledger.py,864
sahool-platform,GET,/api/v1/farm-ledger/inventory-projection/{season_id},get_inventory_projection,services/sahool-platform/api/routers/farm_operations_ledger.py,912
sahool-platform,GET,/api/v1/farm-ledger/economic-state/{season_id},get_economic_state,services/sahool-platform/api/routers/farm_operations_ledger.py,1003
sahool-platform,POST,/api/v1/farms,create_farm,services/sahool-platform/api/routers/farms.py,36
sahool-platform,GET,/api/v1/farms,list_farms,services/sahool-platform/api/routers/farms.py,105
sahool-platform,GET,/api/v1/farms/{farm_id}/fields,list_farm_fields,services/sahool-platform/api/routers/farms.py,140
sahool-platform,GET,/api/v1/features,get_features,services/sahool-platform/api/routers/features.py,60
sahool-platform,GET,/api/v1/fields/{field_id}/ai-context-pack,field_ai_context_pack,services/sahool-platform/api/routers/field_ai_context.py,702
sahool-platform,GET,/api/v1/fields/{field_id}/data-completeness,field_data_completeness,services/sahool-platform/api/routers/field_completeness.py,56
sahool-platform,POST,/api/v1/field-intelligence/analyze,field_intelligence_analyze,services/sahool-platform/api/routers/field_intelligence.py,469
sahool-platform,GET,/api/v1/field-intelligence/analyze/jobs/{job_id},field_intelligence_analyze_job_status,services/sahool-platform/api/routers/field_intelligence.py,516
sahool-platform,POST,/api/v1/field-intelligence/analyze/jobs/{job_id}/cancel,field_intelligence_analyze_job_cancel,services/sahool-platform/api/routers/field_intelligence.py,526
sahool-platform,GET,/api/v1/fields/{field_id}/evidence-graph/latest,field_evidence_graph_latest,services/sahool-platform/api/routers/field_intelligence.py,539
sahool-platform,GET,/api/v1/fields/{field_id}/evidence-graph/timeline,field_evidence_graph_timeline,services/sahool-platform/api/routers/field_intelligence.py,571
sahool-platform,GET,/api/v1/evidence-graph/analytics,evidence_graph_analytics,services/sahool-platform/api/routers/field_intelligence.py,605
sahool-platform,GET,/api/v1/fields/{field_id}/evidence-graph/nodes,field_evidence_graph_nodes,services/sahool-platform/api/routers/field_intelligence.py,638
sahool-platform,POST,/api/v1/field-portfolio/optimize,optimize_portfolio,services/sahool-platform/api/routers/field_portfolio.py,35
sahool-platform,POST,/api/v1/field-portfolio/allocate,allocate_portfolio_endpoint,services/sahool-platform/api/routers/field_portfolio.py,76
sahool-platform,GET,/api/v1/fields/{field_id}/priority-queue,field_priority_queue,services/sahool-platform/api/routers/field_priority_queue.py,117
sahool-platform,GET,/api/v1/farms/{farm_id}/priority-queue,farm_priority_queue,services/sahool-platform/api/routers/field_priority_queue.py,179
sahool-platform,GET,/api/v1/fields/{field_id}/readiness,field_readiness,services/sahool-platform/api/routers/field_readiness.py,56
sahool-platform,GET,/api/v1/field/operational-state,field_operational_state_endpoint,services/sahool-platform/api/routers/field_single.py,23
sahool-platform,GET,/api/v1/fields/{field_id}/twin,get_field_twin,services/sahool-platform/api/routers/field_twin.py,39
sahool-platform,GET,/api/v1/fields/{field_id}/available-dates,field_imagery_available_dates_facade,services/sahool-platform/api/routers/field_workspace_imagery.py,41
sahool-platform,GET,/api/v1/fields/{field_id}/imagery/timeline,field_imagery_timeline_facade,services/sahool-platform/api/routers/field_workspace_imagery.py,77
sahool-platform,GET,/api/v1/fields/{field_id}/unified-timeline,field_unified_timeline_facade,services/sahool-platform/api/routers/field_workspace_timeline.py,32
sahool-platform,GET,/api/v1/fields/{field_id}/weather/thermal-stress,field_weather_thermal_stress,services/sahool-platform/api/routers/field_workspace_weather.py,69
sahool-platform,GET,/api/v1/fields/{field_id}/weather/crop-stress,field_weather_crop_stress,services/sahool-platform/api/routers/field_workspace_weather.py,104
sahool-platform,GET,/api/v1/fields/{field_id}/weather/operation-windows,field_weather_operation_windows,services/sahool-platform/api/routers/field_workspace_weather.py,171
sahool-platform,GET,/api/v1/fields/{field_id}/weather/irrigation-advice,field_irrigation_advice_facade,services/sahool-platform/api/routers/field_workspace_weather.py,224
sahool-platform,GET,/api/v1/fields/{field_id}/weather/disease-risk,field_disease_risk_facade,services/sahool-platform/api/routers/field_workspace_weather.py,279
sahool-platform,GET,/api/v1/fields,list_fields,services/sahool-platform/api/routers/fields.py,571
sahool-platform,POST,/api/v1/fields,create_field,services/sahool-platform/api/routers/fields.py,594
sahool-platform,POST,/api/v1/fields/import,import_field,services/sahool-platform/api/routers/fields.py,618
sahool-platform,POST,/api/v1/fields/{field_id}/imagery/process-date,field_imagery_process_date_proxy,services/sahool-platform/api/routers/fields.py,700
sahool-platform,POST,/api/v1/fields/{field_id}/imagery/refresh,refresh_field_imagery,services/sahool-platform/api/routers/fields.py,756
sahool-platform,POST,/api/v1/fields/{field_id}/imagery/backfill,field_imagery_backfill_proxy,services/sahool-platform/api/routers/fields.py,959
sahool-platform,GET,/api/v1/fields/{field_id}/imagery/backfill/{run_id},field_imagery_backfill_status_proxy,services/sahool-platform/api/routers/fields.py,1031
sahool-platform,GET,/api/v1/fields/{field_id},get_field,services/sahool-platform/api/routers/fields.py,1065
sahool-platform,GET,/api/v1/fields/{field_id}/terrain,get_field_terrain,services/sahool-platform/api/routers/fields.py,1090
sahool-platform,GET,/api/v1/fields/{field_id}/workspace,get_field_workspace,services/sahool-platform/api/routers/fields.py,1181
sahool-platform,PUT,/api/v1/fields/{field_id},update_field,services/sahool-platform/api/routers/fields.py,1270
sahool-platform,GET,/api/v1/fields/{field_id}/geometry/history,field_geometry_history,services/sahool-platform/api/routers/fields.py,1558
sahool-platform,POST,/api/v1/fields/{field_id}/geometry/revert/{revision},revert_field_geometry,services/sahool-platform/api/routers/fields.py,1605
sahool-platform,DELETE,/api/v1/fields/{field_id},delete_field,services/sahool-platform/api/routers/fields.py,1703
sahool-platform,POST,/api/v1/fields/merge,merge_fields,services/sahool-platform/api/routers/fields.py,1829
sahool-platform,POST,/api/v1/fields/split,split_field,services/sahool-platform/api/routers/fields.py,1954
sahool-platform,POST,/api/v1/fields/{field_id}/seasons,create_season,services/sahool-platform/api/routers/fields.py,2094
sahool-platform,GET,/api/v1/fields/{field_id}/seasons,list_seasons,services/sahool-platform/api/routers/fields.py,2301
sahool-platform,PATCH,/api/v1/fields/{field_id}/seasons/{season_id},update_season,services/sahool-platform/api/routers/fields.py,2328
sahool-platform,GET,/api/v1/fields/{field_id}/soil-moisture,field_soil_moisture,services/sahool-platform/api/routers/fields.py,2497
sahool-platform,GET,/api/v1/fields/{field_id}/wind/prevailing,field_wind_prevailing,services/sahool-platform/api/routers/fields.py,2645
sahool-platform,POST,/api/v1/fields/{field_id}/wind/drift-risk,field_wind_drift_risk,services/sahool-platform/api/routers/fields.py,2720
sahool-platform,GET,/api/v1/fields/{field_id}/recommendations,field_recommendations,services/sahool-platform/api/routers/fields.py,2799
sahool-platform,POST,/api/v1/fields/{field_id}/activities,create_activity,services/sahool-platform/api/routers/fields.py,2895
sahool-platform,GET,/api/v1/fields/{field_id}/activities,list_field_activities,services/sahool-platform/api/routers/fields.py,3029
sahool-platform,GET,/api/v1/fields/{field_id}/input-traceability,field_input_traceability,services/sahool-platform/api/routers/fields.py,3058
sahool-platform,POST,/api/v1/fields/{field_id}/growth-narrative,field_growth_narrative,services/sahool-platform/api/routers/fields.py,3163
sahool-platform,POST,/api/v1/fields/{field_id}/soil-lab-tests,create_soil_lab_test,services/sahool-platform/api/routers/fields.py,3207
sahool-platform,GET,/api/v1/fields/{field_id}/soil-lab-tests,list_soil_lab_tests,services/sahool-platform/api/routers/fields.py,3265
sahool-platform,PATCH,/api/v1/fields/{field_id}/soil-lab-tests/{test_id},update_soil_lab_test,services/sahool-platform/api/routers/fields.py,3289
sahool-platform,POST,/api/v1/fields/{field_id}/alerts/evaluate,evaluate_field_alerts_endpoint,services/sahool-platform/api/routers/fields.py,3416
sahool-platform,POST,/api/v1/fields/{field_id}/rotations,add_crop_rotation,services/sahool-platform/api/routers/fields.py,3432
sahool-platform,GET,/api/v1/fields/{field_id}/rotations,list_crop_rotations,services/sahool-platform/api/routers/fields.py,3474
sahool-platform,POST,/api/v1/fields/{field_id}/trueup,apply_trueup,services/sahool-platform/api/routers/fields.py,3501
sahool-platform,POST,/api/v1/fields/validate-geometry,validate_geometry,services/sahool-platform/api/routers/fields.py,3560
sahool-platform,POST,/api/v1/fields/{field_id}/prescriptions/nitrogen,prescribe_nitrogen,services/sahool-platform/api/routers/fields.py,3593
sahool-platform,POST,/api/v1/fields/{field_id}/yield-estimate,estimate_field_yield,services/sahool-platform/api/routers/fields.py,3622
sahool-platform,POST,/api/v1/fields/{field_id}/timeline,field_timeline,services/sahool-platform/api/routers/fields.py,3695
sahool-platform,GET,/api/v1/fields/{field_id}/history,field_history,services/sahool-platform/api/routers/fields.py,3715
sahool-platform,POST,/api/v1/fields/{field_id}/pins,create_pin,services/sahool-platform/api/routers/fields.py,3832
sahool-platform,POST,/api/v1/fields/{field_id}/walk-plan,field_walk_plan,services/sahool-platform/api/routers/fields.py,3915
sahool-platform,POST,/api/v1/fields/{field_id}/walk-plan/pdf,field_walk_plan_pdf,services/sahool-platform/api/routers/fields.py,3925
sahool-platform,POST,/api/v1/fields/{field_id}/zones,field_zones,services/sahool-platform/api/routers/fields.py,3944
sahool-platform,GET,/api/v1/fields/{field_id}/water-stress-spectral,field_water_stress_spectral,services/sahool-platform/api/routers/fields.py,3958
sahool-platform,GET,/api/v1/fields/{field_id}/state,field_canonical_state,services/sahool-platform/api/routers/fields.py,3990
sahool-platform,GET,/api/v1/fields/{field_id}/alerts/derived,field_alerts_derived,services/sahool-platform/api/routers/fields.py,4018
sahool-platform,GET,/api/v1/fields/{field_id}/state/full,field_state_full,services/sahool-platform/api/routers/fields.py,4044
sahool-platform,GET,/api/v1/fodder-alternatives/list,fodder_alternatives_list_endpoint,services/sahool-platform/api/routers/fodder_alternatives.py,25
sahool-platform,POST,/api/v1/gdd/track,gdd_track,services/sahool-platform/api/routers/gdd.py,45
sahool-platform,GET,/api/v1/geo/reverse,geo_reverse_endpoint,services/sahool-platform/api/routers/geo.py,28
sahool-platform,GET,/api/v1/geo-locate/field,geo_locate_field_endpoint,services/sahool-platform/api/routers/geo_locate.py,24
sahool-platform,GET,/api/v1/geo-locate/recommend,geo_locate_recommend_endpoint,services/sahool-platform/api/routers/geo_locate.py,30
sahool-platform,GET,/stac,stac_root,services/sahool-platform/api/routers/gis_cloud_native.py,179
sahool-platform,GET,/stac/conformance,stac_conformance,services/sahool-platform/api/routers/gis_cloud_native.py,186
sahool-platform,GET,/stac/queryables,get_stac_queryables,services/sahool-platform/api/routers/gis_cloud_native.py,193
sahool-platform,GET,/stac/collections,list_stac_collections,services/sahool-platform/api/routers/gis_cloud_native.py,200
sahool-platform,POST,/stac/search,stac_search_post,services/sahool-platform/api/routers/gis_cloud_native.py,215
sahool-platform,GET,/scene-ranking,scene_ranking,services/sahool-platform/api/routers/gis_cloud_native.py,245
sahool-platform,GET,/scene-processing-plan,scene_processing_plan,services/sahool-platform/api/routers/gis_cloud_native.py,262
sahool-platform,GET,/tile-cache-plan,get_tile_cache_plan,services/sahool-platform/api/routers/gis_cloud_native.py,279
sahool-platform,GET,/ogc,ogc_root,services/sahool-platform/api/routers/gis_cloud_native.py,295
sahool-platform,GET,/ogc/conformance,ogc_conformance,services/sahool-platform/api/routers/gis_cloud_native.py,302
sahool-platform,GET,/ogc/collections,get_ogc_collections,services/sahool-platform/api/routers/gis_cloud_native.py,309
sahool-platform,GET,/ogc/collections/fields/items,ogc_field_items,services/sahool-platform/api/routers/gis_cloud_native.py,316
sahool-platform,POST,/ai-boundary/plan,plan_ai_boundary_extraction,services/sahool-platform/api/routers/gis_cloud_native.py,342
sahool-platform,POST,/management-zones/summary,summarize_management_zones,services/sahool-platform/api/routers/gis_cloud_native.py,352
sahool-platform,POST,/editing-sessions/undo-redo,editing_session_undo_redo,services/sahool-platform/api/routers/gis_cloud_native.py,360
sahool-platform,POST,/cog-registry,register_cog,services/sahool-platform/api/routers/gis_cloud_native.py,420
sahool-platform,GET,/stac/search,stac_search,services/sahool-platform/api/routers/gis_cloud_native.py,476
sahool-platform,GET,/stac/collections/{collection_id},get_collection,services/sahool-platform/api/routers/gis_cloud_native.py,497
sahool-platform,GET,/mosaicjson,mosaicjson,services/sahool-platform/api/routers/gis_cloud_native.py,513
sahool-platform,GET,/rasters/{raster_id}/tilejson.json,raster_tilejson,services/sahool-platform/api/routers/gis_cloud_native.py,532
sahool-platform,POST,/editing-sessions,upsert_editing_session,services/sahool-platform/api/routers/gis_cloud_native.py,557
sahool-platform,POST,/locks,acquire_geometry_lock,services/sahool-platform/api/routers/gis_cloud_native.py,592
sahool-platform,DELETE,/locks/{field_id},release_geometry_lock,services/sahool-platform/api/routers/gis_cloud_native.py,628
sahool-platform,POST,/geoparquet/export,export_geoparquet,services/sahool-platform/api/routers/gis_cloud_native.py,646
sahool-platform,POST,/phase6/boundaries/extract,phase6_extract_boundary,services/sahool-platform/api/routers/gis_cloud_native.py,672
sahool-platform,POST,/phase6/management-zones/generate,phase6_generate_management_zones,services/sahool-platform/api/routers/gis_cloud_native.py,691
sahool-platform,POST,/phase6/prescriptions/generate,phase6_generate_prescription_map,services/sahool-platform/api/routers/gis_cloud_native.py,707
sahool-platform,POST,/phase6/yield-stability,phase6_yield_stability,services/sahool-platform/api/routers/gis_cloud_native.py,720
sahool-platform,POST,/phase6/profitability-map,phase6_profitability_map,services/sahool-platform/api/routers/gis_cloud_native.py,728
sahool-platform,POST,/phase6/digital-twin/snapshot,phase6_digital_twin_snapshot,services/sahool-platform/api/routers/gis_cloud_native.py,740
sahool-platform,POST,/api/v1/gis/buffer,gis_buffer,services/sahool-platform/api/routers/gis_kernel.py,118
sahool-platform,POST,/api/v1/gis/union,gis_union,services/sahool-platform/api/routers/gis_kernel.py,167
sahool-platform,POST,/api/v1/gis/split,gis_split,services/sahool-platform/api/routers/gis_kernel.py,208
sahool-platform,POST,/api/v1/gis/validate,gis_validate,services/sahool-platform/api/routers/gis_kernel.py,257
sahool-platform,POST,/api/v1/harvest-lots,create_harvest_lot,services/sahool-platform/api/routers/harvest_traceability.py,58
sahool-platform,GET,/api/v1/harvest-lots,list_harvest_lots,services/sahool-platform/api/routers/harvest_traceability.py,141
sahool-platform,GET,/api/v1/harvest-lots/{harvest_lot_id},get_harvest_lot,services/sahool-platform/api/routers/harvest_traceability.py,177
sahool-platform,POST,/api/v1/harvest-lots/{harvest_lot_id}/custody-events,add_custody_event,services/sahool-platform/api/routers/harvest_traceability.py,200
sahool-platform,GET,/api/v1/harvest-lots/{harvest_lot_id}/traceability,get_traceability,services/sahool-platform/api/routers/harvest_traceability.py,295
sahool-platform,GET,/api/v1/high-value-crops/list,high_value_crops_list_endpoint,services/sahool-platform/api/routers/high_value_crops.py,24
sahool-platform,GET,/api/v1/high-value-crops/detail,high_value_crops_detail_endpoint,services/sahool-platform/api/routers/high_value_crops.py,30
sahool-platform,GET,/api/v1/indicators/catalog,indicators_catalog,services/sahool-platform/api/routers/indicators.py,35
sahool-platform,GET,/api/v1/indicators/map-layers,indicators_map_layers,services/sahool-platform/api/routers/indicators.py,47
sahool-platform,GET,/api/v1/indicators/dashboard,indicators_dashboard,services/sahool-platform/api/routers/indicators.py,60
sahool-platform,GET,/api/v1/indices/coverage-report,indices_coverage_report,services/sahool-platform/api/routers/indices.py,22
sahool-platform,GET,/internal/fields/{field_id}/state,internal_field_state,services/sahool-platform/api/routers/internal_service.py,26
sahool-platform,POST,/internal/events/ai-advice,internal_ai_advice_event,services/sahool-platform/api/routers/internal_service.py,72
sahool-platform,GET,/api/v1/introduction/candidates,introduction_candidates_endpoint,services/sahool-platform/api/routers/introduction.py,29
sahool-platform,GET,/api/v1/introduction/card,introduction_card_endpoint,services/sahool-platform/api/routers/introduction.py,35
sahool-platform,POST,/api/v1/introduction/field-fit,introduction_field_fit_endpoint,services/sahool-platform/api/routers/introduction.py,41
sahool-platform,POST,/api/v1/inventory/items,create_inventory_item,services/sahool-platform/api/routers/inventory.py,40
sahool-platform,GET,/api/v1/inventory/items,list_inventory_items,services/sahool-platform/api/routers/inventory.py,90
sahool-platform,POST,/api/v1/inventory/items/{item_id}/batches,add_inventory_batch,services/sahool-platform/api/routers/inventory.py,121
sahool-platform,GET,/api/v1/inventory/expiring,list_expiring_batches,services/sahool-platform/api/routers/inventory.py,184
sahool-platform,GET,/api/v1/ipm/pests,ipm_pests_endpoint,services/sahool-platform/api/routers/ipm.py,25
sahool-platform,GET,/api/v1/ipm/plan,ipm_plan_endpoint,services/sahool-platform/api/routers/ipm.py,31
sahool-platform,GET,/api/v1/ipm/crop-pests,ipm_crop_pests_endpoint,services/sahool-platform/api/routers/ipm.py,37
sahool-platform,POST,/api/v1/irrigation/valves,register_valve,services/sahool-platform/api/routers/irrigation.py,100
sahool-platform,GET,/api/v1/irrigation/valves,list_valves,services/sahool-platform/api/routers/irrigation.py,157
sahool-platform,POST,/api/v1/irrigation/valves/{valve_id}/state,set_valve_state,services/sahool-platform/api/routers/irrigation.py,179
sahool-platform,POST,/api/v1/irrigation/schedules,create_schedule,services/sahool-platform/api/routers/irrigation.py,236
sahool-platform,GET,/api/v1/irrigation/schedules,list_schedules,services/sahool-platform/api/routers/irrigation.py,307
sahool-platform,DELETE,/api/v1/irrigation/schedules/{schedule_id},delete_schedule,services/sahool-platform/api/routers/irrigation.py,357
sahool-platform,GET,/api/v1/irrigation/soil-types,irrigation_soil_types_endpoint,services/sahool-platform/api/routers/irrigation.py,372
sahool-platform,GET,/api/v1/irrigation/moisture-decision,irrigation_moisture_decision_endpoint,services/sahool-platform/api/routers/irrigation.py,378
sahool-platform,POST,/api/v1/irrigation/water-analysis,irrigation_water_analysis,services/sahool-platform/api/routers/irrigation.py,397
sahool-platform,POST,/calculate,calculate_engineering,services/sahool-platform/api/routers/irrigation_engineering.py,62
sahool-platform,POST,/interactive-calculate,calculate_interactive_engineering,services/sahool-platform/api/routers/irrigation_engineering.py,73
sahool-platform,POST,/network-calculate,calculate_network_engineering,services/sahool-platform/api/routers/irrigation_engineering.py,86
sahool-platform,POST,/commissioning/certificates,issue_commissioning_certificate,services/sahool-platform/api/routers/irrigation_engineering.py,111
sahool-platform,GET,/commissioning/systems/{system_id}/current,get_current_commissioning_certificate,services/sahool-platform/api/routers/irrigation_engineering.py,176
sahool-platform,POST,/commissioning/authorize,evaluate_execution_authorization,services/sahool-platform/api/routers/irrigation_engineering.py,200
sahool-platform,GET,/manual-executions,list_manual_executions,services/sahool-platform/api/routers/irrigation_engineering.py,237
sahool-platform,POST,/manual-executions,create_manual_execution,services/sahool-platform/api/routers/irrigation_engineering.py,275
sahool-platform,POST,/manual-executions/{execution_id}/transition,transition_manual_execution_endpoint,services/sahool-platform/api/routers/irrigation_engineering.py,354
sahool-platform,POST,/manual-executions/{execution_id}/confirm,confirm_manual_execution,services/sahool-platform/api/routers/irrigation_engineering.py,426
sahool-platform,POST,/manual-executions/{execution_id}/verify,verify_manual_execution,services/sahool-platform/api/routers/irrigation_engineering.py,489
sahool-platform,POST,/manual-executions/{execution_id}/reconcile,reconcile_manual_execution_to_water_ledger,services/sahool-platform/api/routers/irrigation_engineering.py,575
sahool-platform,GET,/api/v1/irrigation-method,list_methods,services/sahool-platform/api/routers/irrigation_method.py,25
sahool-platform,GET,/api/v1/irrigation-method/{method},get_method,services/sahool-platform/api/routers/irrigation_method.py,31
sahool-platform,POST,/api/v1/irrigation-method/gross,compute_gross,services/sahool-platform/api/routers/irrigation_method.py,43
sahool-platform,POST,/api/v1/irrigation/mpc/plan,irrigation_mpc_plan,services/sahool-platform/api/routers/irrigation_mpc.py,96
sahool-platform,GET,/api/v1/irrigation/mpc/capabilities,irrigation_mpc_capabilities,services/sahool-platform/api/routers/irrigation_mpc.py,164
sahool-platform,POST,/api/v1/irrigation/mpc/simulate,irrigation_mpc_simulate,services/sahool-platform/api/routers/irrigation_mpc.py,287
sahool-platform,POST,/api/v1/fields/{field_id}/irrigation/mpc/recommendation,irrigation_mpc_recommendation,services/sahool-platform/api/routers/irrigation_mpc.py,320
sahool-platform,POST,/api/v1/fields/{field_id}/irrigation/mpc/hourly-recommendation,irrigation_mpc_hourly_recommendation,services/sahool-platform/api/routers/irrigation_mpc.py,500
sahool-platform,POST,/api/v1/irrigation/executions/reconcile,reconcile_irrigation_execution,services/sahool-platform/api/routers/irrigation_mpc.py,541
sahool-platform,POST,/api/v1/irrigation/network/feasibility,network_feasibility_endpoint,services/sahool-platform/api/routers/irrigation_network.py,55
sahool-platform,POST,/api/v1/irrigation-plan,irrigation_plan_endpoint,services/sahool-platform/api/routers/irrigation_plan.py,111
sahool-platform,POST,/api/v1/irrigation-recommendation,irrigation_recommendation,services/sahool-platform/api/routers/irrigation_recommendation.py,169
sahool-platform,POST,/api/v1/fields/{field_id}/irrigation-recommendation,field_irrigation_recommendation,services/sahool-platform/api/routers/irrigation_recommendation.py,245
sahool-platform,POST,/api/v1/agro/kc-timeseries,persist_kc,services/sahool-platform/api/routers/kc_timeseries.py,87
sahool-platform,GET,/api/v1/agro/kc-timeseries/{field_id},list_kc,services/sahool-platform/api/routers/kc_timeseries.py,140
sahool-platform,GET,/api/v1/agro/kc-timeseries/{field_id}/compare,compare_kc,services/sahool-platform/api/routers/kc_timeseries.py,156
sahool-platform,POST,/api/v1/learning/external-prior-blend,external_prior_blend,services/sahool-platform/api/routers/learning.py,32
sahool-platform,GET,/api/v1/learning/activation-status,learning_activation_status,services/sahool-platform/api/routers/learning.py,55
sahool-platform,GET,/api/v1/learning/prediction-calibration,prediction_calibration_status,services/sahool-platform/api/routers/learning.py,114
sahool-platform,GET,/api/v1/learning/summary,get_learning_summary,services/sahool-platform/api/routers/learning_summary.py,53
sahool-platform,POST,/api/v1/lifecycle/validate-transition,validate_transition,services/sahool-platform/api/routers/lifecycle.py,32
sahool-platform,GET,/api/v1/lineage/{entity_type}/{entity_id},entity_lineage,services/sahool-platform/api/routers/lineage.py,31
sahool-platform,GET,/api/v1/market/crop-gap,market_crop_gap,services/sahool-platform/api/routers/market.py,30
sahool-platform,GET,/api/v1/market/crop-classification-readiness,crop_classification_readiness_endpoint,services/sahool-platform/api/routers/market.py,101
sahool-platform,POST,/api/v1/master-data,create_master_data,services/sahool-platform/api/routers/master_data.py,35
sahool-platform,GET,/api/v1/master-data,list_master_data,services/sahool-platform/api/routers/master_data.py,96
sahool-platform,GET,/api/v1/me,me,services/sahool-platform/api/routers/me.py,26
sahool-platform,POST,/api/v1/fields/{field_id}/ndvi-analysis,field_ndvi_analysis,services/sahool-platform/api/routers/ndvi_analysis.py,35
sahool-platform,GET,/api/v1/niche-crops/list,niche_crops_list_endpoint,services/sahool-platform/api/routers/niche_crops.py,24
sahool-platform,GET,/api/v1/niche-crops/detail,niche_crops_detail_endpoint,services/sahool-platform/api/routers/niche_crops.py,30
sahool-platform,POST,/api/v1/nl-gis/query,nl_gis_query_endpoint,services/sahool-platform/api/routers/nl_gis.py,199
sahool-platform,POST,/api/v1/nl-sql,nl_sql_endpoint,services/sahool-platform/api/routers/nl_sql.py,71
sahool-platform,GET,/api/v1/notifications/preferences,get_notification_preferences,services/sahool-platform/api/routers/notifications.py,58
sahool-platform,PUT,/api/v1/notifications/preferences,update_notification_preferences,services/sahool-platform/api/routers/notifications.py,88
sahool-platform,POST,/api/v1/notifications/delivery,upsert_notification_delivery,services/sahool-platform/api/routers/notifications.py,179
sahool-platform,WEBSOCKET,/api/v1/notifications/ws,notifications_ws,services/sahool-platform/api/routers/notifications.py,331
sahool-platform,POST,/api/v1/nutrients/4r-plan,nutrient_4r_plan,services/sahool-platform/api/routers/nutrients.py,31
sahool-platform,POST,/api/v1/observations,observations,services/sahool-platform/api/routers/observations.py,34
sahool-platform,GET,/api/v1/onboarding/questionnaire,onboarding_questionnaire,services/sahool-platform/api/routers/onboarding.py,35
sahool-platform,POST,/api/v1/onboarding/responses,submit_onboarding,services/sahool-platform/api/routers/onboarding.py,46
sahool-platform,GET,/api/v1/onboarding/responses,list_onboarding,services/sahool-platform/api/routers/onboarding.py,97
sahool-platform,POST,/api/v1/weather/history/records,ingest_historical_weather,services/sahool-platform/api/routers/operational_truth.py,95
sahool-platform,GET,/api/v1/weather/history/records,read_historical_weather,services/sahool-platform/api/routers/operational_truth.py,171
sahool-platform,GET,/api/v1/weather/history/coverage,historical_weather_coverage,services/sahool-platform/api/routers/operational_truth.py,202
sahool-platform,POST,/api/v1/erp/reconciliations,record_erp_reconciliation,services/sahool-platform/api/routers/operational_truth.py,221
sahool-platform,GET,/api/v1/erp/reconciliations,list_erp_reconciliations,services/sahool-platform/api/routers/operational_truth.py,285
sahool-platform,GET,/api/v1/operations/summary,operations_summary_endpoint,services/sahool-platform/api/routers/operations.py,93
sahool-platform,GET,/api/v1/orchard/plan,orchard_plan_endpoint,services/sahool-platform/api/routers/orchard.py,24
sahool-platform,GET,/api/v1/orchard/economics,orchard_economics_endpoint,services/sahool-platform/api/routers/orchard.py,30
sahool-platform,POST,/api/v1/outcome/measure,measure_decision_outcome,services/sahool-platform/api/routers/outcome.py,43
sahool-platform,POST,/api/v1/pest-escalation/run,pest_escalation_run,services/sahool-platform/api/routers/pest_escalation.py,34
sahool-platform,GET,/api/v1/fields/{field_id}/phenology,field_phenology,services/sahool-platform/api/routers/phenology.py,159
sahool-platform,GET,/api/v1/fields/{field_id}/stage-actions,field_stage_actions,services/sahool-platform/api/routers/phenology.py,181
sahool-platform,GET,/api/v1/planting/crops,planting_crops_endpoint,services/sahool-platform/api/routers/planting.py,30
sahool-platform,GET,/api/v1/planting/window,planting_window_endpoint,services/sahool-platform/api/routers/planting.py,36
sahool-platform,GET,/api/v1/planting/check,planting_check_endpoint,services/sahool-platform/api/routers/planting.py,42
sahool-platform,GET,/runtime-identity,runtime_evidence_identity,services/sahool-platform/api/routers/platform_health.py,24
sahool-platform,GET,/healthz,healthz,services/sahool-platform/api/routers/platform_health.py,31
sahool-platform,GET,/metrics,metrics,services/sahool-platform/api/routers/platform_health.py,38
sahool-platform,GET,/readyz,readyz,services/sahool-platform/api/routers/platform_health.py,59
sahool-platform,GET,/api/v1/policy-learning/threshold-suggestions,threshold_suggestions,services/sahool-platform/api/routers/policy_learning.py,37
sahool-platform,POST,/api/v1/portfolio/command,portfolio_command_endpoint,services/sahool-platform/api/routers/portfolio_command.py,70
sahool-platform,GET,/api/v1/postharvest/moisture-check,postharvest_moisture_endpoint,services/sahool-platform/api/routers/postharvest.py,28
sahool-platform,GET,/api/v1/postharvest/pests,postharvest_pests_endpoint,services/sahool-platform/api/routers/postharvest.py,34
sahool-platform,GET,/api/v1/postharvest/best-practices,postharvest_practices_endpoint,services/sahool-platform/api/routers/postharvest.py,40
sahool-platform,GET,/api/v1/practices/list,practices_list_endpoint,services/sahool-platform/api/routers/practices.py,25
sahool-platform,GET,/api/v1/practices/guide,practices_guide_endpoint,services/sahool-platform/api/routers/practices.py,31
sahool-platform,POST,/api/v1/fields/{field_id}/prescriptions,create_prescription,services/sahool-platform/api/routers/prescriptions.py,177
sahool-platform,GET,/api/v1/fields/{field_id}/prescriptions,list_prescriptions,services/sahool-platform/api/routers/prescriptions.py,294
sahool-platform,GET,/api/v1/fields/{field_id}/prescriptions/{prescription_id}/export,export_prescription,services/sahool-platform/api/routers/prescriptions.py,338
sahool-platform,POST,/api/v1/fields/{field_id}/productivity-zones,productivity_zones_endpoint,services/sahool-platform/api/routers/productivity.py,65
sahool-platform,POST,/api/v1/fields/{field_id}/zone-sampling-plan,zone_sampling_plan_endpoint,services/sahool-platform/api/routers/productivity.py,84
sahool-platform,POST,/api/v1/fields/{field_id}/daily-ai-brief,daily_ai_brief_endpoint,services/sahool-platform/api/routers/productivity.py,107
sahool-platform,GET,/api/v1/propagation/methods,propagation_methods_endpoint,services/sahool-platform/api/routers/propagation.py,30
sahool-platform,GET,/api/v1/propagation/method-guide,propagation_method_guide_endpoint,services/sahool-platform/api/routers/propagation.py,36
sahool-platform,GET,/api/v1/propagation/crop,propagation_crop_endpoint,services/sahool-platform/api/routers/propagation.py,42
sahool-platform,GET,/api/v1/propagation/rootstock,propagation_rootstock_endpoint,services/sahool-platform/api/routers/propagation.py,48
sahool-platform,GET,/api/v1/queue/status,queue_status,services/sahool-platform/api/routers/queue.py,22
sahool-platform,GET,/api/v1/rbac/who-can,rbac_who_can,services/sahool-platform/api/routers/rbac.py,28
sahool-platform,GET,/api/v1/rbac/permission-matrix,rbac_permission_matrix,services/sahool-platform/api/routers/rbac.py,44
sahool-platform,GET,/api/v1/rbac/preview-role-change,rbac_preview_role_change,services/sahool-platform/api/routers/rbac.py,54
sahool-platform,GET,/api/v1/admin/readiness,production_readiness,services/sahool-platform/api/routers/readiness.py,21
sahool-platform,POST,/api/v1/recommendations,recommendations,services/sahool-platform/api/routers/recommendations.py,104
sahool-platform,POST,/api/v1/recommendations/for-field,recommendations_for_field,services/sahool-platform/api/routers/recommendations.py,130
sahool-platform,GET,/api/v1/recommendations/engines,recommendation_engines,services/sahool-platform/api/routers/recommendations.py,190
sahool-platform,POST,/api/v1/recommendations/economic-adaptation,economic_adaptation_endpoint,services/sahool-platform/api/routers/recommendations.py,237
sahool-platform,GET,/api/v1/recommendations/capacity-profiles,capacity_profiles_endpoint,services/sahool-platform/api/routers/recommendations.py,255
sahool-platform,POST,/api/v1/recommendations/candidates,generate_crop_candidates,services/sahool-platform/api/routers/recommendations.py,263
sahool-platform,POST,/api/v1/recommendations/outcomes,record_recommendation_outcome,services/sahool-platform/api/routers/recommendations.py,328
sahool-platform,GET,/api/v1/recommendations/{rec_id},get_recommendation,services/sahool-platform/api/routers/recommendations.py,424
sahool-platform,GET,/api/v1/regional/bulletin,regional_bulletin,services/sahool-platform/api/routers/regional_bulletin.py,53
sahool-platform,GET,/api/v1/regional-calendar,regional_calendar,services/sahool-platform/api/routers/regional_calendar.py,20
sahool-platform,GET,/api/v1/registry/report-fields,list_registry_report_fields,services/sahool-platform/api/routers/registry.py,32
sahool-platform,GET,/api/v1/registry/workflows,list_registry_workflows,services/sahool-platform/api/routers/registry.py,45
sahool-platform,GET,/api/v1/registry/indices,registry_indices,services/sahool-platform/api/routers/registry.py,58
sahool-platform,GET,/api/v1/registry/device-types,registry_device_types,services/sahool-platform/api/routers/registry.py,68
sahool-platform,GET,/api/v1/registry/events,registry_events,services/sahool-platform/api/routers/registry.py,78
sahool-platform,GET,/api/v1/registry/cost-profiles,registry_cost_profiles,services/sahool-platform/api/routers/registry.py,88
sahool-platform,GET,/api/v1/registry/data-quality-rules,registry_data_quality_rules,services/sahool-platform/api/routers/registry.py,98
sahool-platform,POST,/api/v1/replay/reconstruct,replay_reconstruct,services/sahool-platform/api/routers/replay.py,32
sahool-platform,GET,/api/v1/reports/farm-summary,report_farm_summary,services/sahool-platform/api/routers/reports.py,41
sahool-platform,GET,/api/v1/reports/field/{field_id}/summary,report_field_summary,services/sahool-platform/api/routers/reports.py,96
sahool-platform,GET,/api/v1/fields/{field_id}/sustainability,field_sustainability,services/sahool-platform/api/routers/reports.py,207
sahool-platform,GET,/api/v1/reports/season/{season_id}/summary,report_season_summary,services/sahool-platform/api/routers/reports.py,253
sahool-platform,POST,/api/v1/reports/operation,operation_report_csv,services/sahool-platform/api/routers/reports.py,308
sahool-platform,POST,/api/v1/reports/build,build_report,services/sahool-platform/api/routers/reports.py,358
sahool-platform,GET,/api/v1/rotation/principles,rotation_principles_endpoint,services/sahool-platform/api/routers/rotation.py,28
sahool-platform,GET,/api/v1/rotation/evaluate,rotation_evaluate,services/sahool-platform/api/routers/rotation.py,34
sahool-platform,GET,/api/v1/rotation/suggest,rotation_suggest,services/sahool-platform/api/routers/rotation.py,40
sahool-platform,POST,/api/v1/salinity/assess,salinity_assess_endpoint,services/sahool-platform/api/routers/salinity.py,30
sahool-platform,GET,/api/v1/sampling/strategy,sampling_strategy,services/sahool-platform/api/routers/sampling.py,31
sahool-platform,POST,/api/v1/scenario/economics,scenario_economics,services/sahool-platform/api/routers/scenario.py,143
sahool-platform,POST,/api/v1/scenario/water-twin,scenario_water_twin,services/sahool-platform/api/routers/scenario.py,164
sahool-platform,POST,/api/v1/scenario/temperature,scenario_temperature,services/sahool-platform/api/routers/scenario.py,193
sahool-platform,POST,/api/v1/scenario/planting-date,scenario_planting_date,services/sahool-platform/api/routers/scenario.py,236
sahool-platform,POST,/api/v1/scenario/rainfall,scenario_rainfall,services/sahool-platform/api/routers/scenario.py,286
sahool-platform,GET,/api/v1/scouting/pins,list_scouting_pins,services/sahool-platform/api/routers/scouting.py,78
sahool-platform,GET,/api/v1/scouting/taxonomy,scouting_taxonomy,services/sahool-platform/api/routers/scouting.py,114
sahool-platform,GET,/api/v1/fields/{field_id}/season-workspace,season_workspace,services/sahool-platform/api/routers/season_workspace.py,219
sahool-platform,GET,/api/v1/seasonal-risk/calendar,seasonal_risk_calendar_endpoint,services/sahool-platform/api/routers/seasonal_risk.py,28
sahool-platform,GET,/api/v1/seasonal-risk/stage-check,seasonal_risk_stage_endpoint,services/sahool-platform/api/routers/seasonal_risk.py,34
sahool-platform,GET,/api/v1/seasonal-risk/chill-hours,seasonal_risk_chill_endpoint,services/sahool-platform/api/routers/seasonal_risk.py,40
sahool-platform,POST,/api/v1/seasons/{season_id}/simulate,simulate_season_endpoint,services/sahool-platform/api/routers/seasons.py,132
sahool-platform,GET,/api/v1/fields/{field_id}/seasons/{season_id}/state,field_season_state_endpoint,services/sahool-platform/api/routers/seasons.py,512
sahool-platform,GET,/api/v1/admin/security/denials,security_denials,services/sahool-platform/api/routers/security_audit.py,19
sahool-platform,GET,/api/v1/seed/criteria,seed_criteria_endpoint,services/sahool-platform/api/routers/seed.py,30
sahool-platform,POST,/api/v1/seed/evaluate-source,seed_evaluate_endpoint,services/sahool-platform/api/routers/seed.py,36
sahool-platform,GET,/api/v1/seed/germination-rate,seed_germination_endpoint,services/sahool-platform/api/routers/seed.py,42
sahool-platform,GET,/api/v1/seed/storage-check,seed_storage_endpoint,services/sahool-platform/api/routers/seed.py,50
sahool-platform,GET,/api/v1/seed/sowing-depth,seed_sowing_depth_endpoint,services/sahool-platform/api/routers/seed.py,58
sahool-platform,API_ROUTE,/api/edge/{path:path},proxy_edge,services/sahool-platform/api/routers/service_proxy.py,136
sahool-platform,API_ROUTE,/api/soil/{path:path},proxy_soil,services/sahool-platform/api/routers/service_proxy.py,151
sahool-platform,API_ROUTE,/api/segmentation/{path:path},proxy_segmentation,services/sahool-platform/api/routers/service_proxy.py,166
sahool-platform,API_ROUTE,/api/field-forms/{path:path},proxy_field_forms,services/sahool-platform/api/routers/service_proxy.py,183
sahool-platform,PUT,/api/v1/settings,upsert_setting,services/sahool-platform/api/routers/settings.py,30
sahool-platform,GET,/api/v1/settings,list_settings,services/sahool-platform/api/routers/settings.py,63
sahool-platform,POST,/api/v1/sharing/generate-key,generate_share_key,services/sahool-platform/api/routers/sharing.py,46
sahool-platform,POST,/api/v1/sharing/keys,create_sharing_key,services/sahool-platform/api/routers/sharing.py,86
sahool-platform,GET,/api/v1/sharing/keys,list_sharing_keys,services/sahool-platform/api/routers/sharing.py,117
sahool-platform,POST,/api/v1/farm-book/parties,create_party,services/sahool-platform/api/routers/simple_farm_book.py,130
sahool-platform,GET,/api/v1/farm-book/parties,list_parties,services/sahool-platform/api/routers/simple_farm_book.py,162
sahool-platform,POST,/api/v1/farm-book/entries,create_entry,services/sahool-platform/api/routers/simple_farm_book.py,247
sahool-platform,GET,/api/v1/farm-book/entries,list_entries,services/sahool-platform/api/routers/simple_farm_book.py,418
sahool-platform,GET,/api/v1/farm-book/monthly,monthly_report,services/sahool-platform/api/routers/simple_farm_book.py,451
sahool-platform,GET,/api/v1/farm-book/balances,book_balances,services/sahool-platform/api/routers/simple_farm_book.py,487
sahool-platform,GET,/api/v1/farm-book/export,export_book,services/sahool-platform/api/routers/simple_farm_book.py,508
sahool-platform,POST,/api/v1/simulate/what-if,simulate_what_if,services/sahool-platform/api/routers/simulate.py,28
sahool-platform,GET,/api/v1/soil-sampling/subsamples,soil_subsamples_endpoint,services/sahool-platform/api/routers/soil_sampling.py,47
sahool-platform,GET,/api/v1/soil-sampling/depth,soil_depth_endpoint,services/sahool-platform/api/routers/soil_sampling.py,53
sahool-platform,GET,/api/v1/soil-sampling/protocol,soil_protocol_endpoint,services/sahool-platform/api/routers/soil_sampling.py,59
sahool-platform,GET,/api/v1/lab/samples,list_lab_samples,services/sahool-platform/api/routers/soil_sampling.py,160
sahool-platform,POST,/api/v1/lab/samples,create_lab_sample,services/sahool-platform/api/routers/soil_sampling.py,169
sahool-platform,POST,/api/v1/lab/soil-results,submit_soil_lab_result,services/sahool-platform/api/routers/soil_sampling.py,190
sahool-platform,POST,/api/v1/lab/water-results,submit_water_lab_result,services/sahool-platform/api/routers/soil_sampling.py,262
sahool-platform,POST,/api/v1/lab/samples/{sample_id}/transition,transition_lab_sample,services/sahool-platform/api/routers/soil_sampling.py,294
sahool-platform,GET,/api/v1/fields/{field_id}/lab-context,field_lab_context,services/sahool-platform/api/routers/soil_sampling.py,396
sahool-platform,GET,/api/v1/sync/manifest,sync_manifest,services/sahool-platform/api/routers/sync.py,60
sahool-platform,GET,/api/v1/sync/status,sync_status,services/sahool-platform/api/routers/sync.py,70
sahool-platform,POST,/api/v1/sync,sync,services/sahool-platform/api/routers/sync.py,92
sahool-platform,GET,/api/v1/tasks,list_tasks,services/sahool-platform/api/routers/tasks.py,37
sahool-platform,PATCH,/api/v1/tasks/{task_id},update_task,services/sahool-platform/api/routers/tasks.py,87
sahool-platform,POST,/api/v1/temporal/check,temporal_check,services/sahool-platform/api/routers/temporal.py,34
sahool-platform,POST,/api/v1/temporal/coherence,temporal_coherence,services/sahool-platform/api/routers/temporal.py,60
sahool-platform,GET,/api/v1/tenant/config,get_tenant_config,services/sahool-platform/api/routers/tenant.py,29
sahool-platform,POST,/api/v1/trials/analyze,analyze_trial,services/sahool-platform/api/routers/trials.py,30
sahool-platform,GET,/api/v1/varieties/food-grains,food_grain_varieties_endpoint,services/sahool-platform/api/routers/varieties.py,27
sahool-platform,GET,/api/v1/varieties/food-grains/{variety_id},food_grain_variety_detail_endpoint,services/sahool-platform/api/routers/varieties.py,47
sahool-platform,POST,/api/v1/water-balance,compute_water_balance,services/sahool-platform/api/routers/water_balance.py,66
sahool-platform,GET,/api/v1/water-harvesting/potential,water_potential_endpoint,services/sahool-platform/api/routers/water_harvesting.py,28
sahool-platform,GET,/api/v1/water-harvesting/methods,water_methods_endpoint,services/sahool-platform/api/routers/water_harvesting.py,36
sahool-platform,GET,/api/v1/water-harvesting/method-guide,water_method_guide_endpoint,services/sahool-platform/api/routers/water_harvesting.py,42
sahool-platform,GET,/api/v1/water-harvesting/upstream-flood,water_upstream_flood_endpoint,services/sahool-platform/api/routers/water_harvesting.py,48
sahool-platform,POST,/api/v1/fields/{field_id}/water-ledger,upsert_water_ledger,services/sahool-platform/api/routers/water_ledger.py,78
sahool-platform,GET,/api/v1/fields/{field_id}/water-ledger,list_water_ledger,services/sahool-platform/api/routers/water_ledger.py,145
sahool-platform,GET,/api/v1/fields/{field_id}/water-efficiency,field_water_efficiency,services/sahool-platform/api/routers/water_ledger.py,197
sahool-platform,GET,/api/v1/water-sensitivity/crops,water_sensitivity_crops,services/sahool-platform/api/routers/water_sensitivity.py,38
sahool-platform,GET,/api/v1/water-sensitivity/calendar,water_sensitivity_calendar,services/sahool-platform/api/routers/water_sensitivity.py,44
sahool-platform,GET,/api/v1/water-sensitivity/wheat-calendar,water_sensitivity_wheat_calendar,services/sahool-platform/api/routers/water_sensitivity.py,53
sahool-platform,POST,/api/v1/water-sensitivity/stress-risk,water_sensitivity_stress,services/sahool-platform/api/routers/water_sensitivity.py,59
sahool-platform,POST,/api/v1/water-sensitivity/integrated-advice,water_sensitivity_integrated,services/sahool-platform/api/routers/water_sensitivity.py,68
sahool-platform,POST,/api/v1/fields/{field_id}/water-twin,field_water_twin,services/sahool-platform/api/routers/water_twin.py,146
sahool-platform,GET,/api/v1/weather/health,weather_health,services/sahool-platform/api/routers/weather.py,1931
sahool-platform,GET,/api/v1/weather/readyz,weather_readyz,services/sahool-platform/api/routers/weather.py,1949
sahool-platform,GET,/api/v1/weather/self-test,weather_self_test,services/sahool-platform/api/routers/weather.py,1963
sahool-platform,GET,/api/v1/weather/wind-source-selftest,weather_wind_source_selftest,services/sahool-platform/api/routers/weather.py,1973
sahool-platform,GET,/api/v1/weather/runtime-contract,weather_runtime_contract,services/sahool-platform/api/routers/weather.py,2028
sahool-platform,GET,/api/v1/weather/env-doctor,weather_env_doctor,services/sahool-platform/api/routers/weather.py,2041
sahool-platform,GET,/api/v1/weather/runtime-smoke-plan,weather_runtime_smoke_plan,services/sahool-platform/api/routers/weather.py,2054
sahool-platform,GET,/api/v1/weather/current,weather_current,services/sahool-platform/api/routers/weather.py,2062
sahool-platform,GET,/api/v1/weather/forecast,weather_forecast,services/sahool-platform/api/routers/weather.py,2068
sahool-platform,GET,/api/v1/weather/historical,weather_historical,services/sahool-platform/api/routers/weather.py,2074
sahool-platform,GET,/api/v1/weather/layers,weather_layers_manifest,services/sahool-platform/api/routers/weather.py,2085
sahool-platform,GET,/api/v1/weather/tile-cache/backend,weather_tile_cache_backend,services/sahool-platform/api/routers/weather.py,2263
sahool-platform,GET,/api/v1/weather/rate-limit/backend,weather_rate_limit_backend,services/sahool-platform/api/routers/weather.py,2270
sahool-platform,GET,/api/v1/weather/tile-cache/stats,weather_tile_cache_stats,services/sahool-platform/api/routers/weather.py,2277
sahool-platform,GET,/api/v1/weather/observability,weather_observability,services/sahool-platform/api/routers/weather.py,2283
sahool-platform,GET,/api/v1/weather/metrics.prom,weather_metrics_prometheus,services/sahool-platform/api/routers/weather.py,2314
sahool-platform,POST,/api/v1/weather/tile-cache/prune,weather_tile_cache_prune,services/sahool-platform/api/routers/weather.py,2330
sahool-platform,GET,/api/v1/weather/tile-data/{z}/{x}/{y},weather_tile_data,services/sahool-platform/api/routers/weather.py,2407
sahool-platform,GET,/api/v1/weather/operation-tile-data/{z}/{x}/{y},weather_operation_tile_data,services/sahool-platform/api/routers/weather.py,2431
sahool-platform,GET,/api/v1/weather/probe,weather_probe,services/sahool-platform/api/routers/weather.py,2447
sahool-platform,GET,/api/v1/weather/operation-window,weather_operation_window,services/sahool-platform/api/routers/weather.py,2495
sahool-platform,GET,/api/v1/weather/field-weather-summary,weather_field_summary,services/sahool-platform/api/routers/weather.py,2510
sahool-platform,GET,/api/v1/weather/operation-plan,weather_operation_plan,services/sahool-platform/api/routers/weather.py,2553
sahool-platform,GET,/api/v1/weather/action-recommendation,weather_action_recommendation,services/sahool-platform/api/routers/weather.py,2568
sahool-platform,GET,/api/v1/weather/alerts,weather_alerts,services/sahool-platform/api/routers/weather.py,2633
sahool-platform,POST,/api/v1/weather/alerts/notify,weather_alerts_notify,services/sahool-platform/api/routers/weather.py,2702
sahool-platform,POST,/api/v1/weather/tasks/from-operation-plan,weather_create_task_from_operation_plan,services/sahool-platform/api/routers/weather.py,2796
sahool-platform,POST,/api/v1/weather/recommendations/from-operation-plan,weather_recommendation_from_operation_plan,services/sahool-platform/api/routers/weather.py,2897
sahool-platform,GET,/api/v1/weather/tile-series/{z}/{x}/{y},weather_tile_series,services/sahool-platform/api/routers/weather.py,2988
sahool-platform,POST,/api/v1/weather-analytics/analyze,weather_analyze_endpoint,services/sahool-platform/api/routers/weather_analytics.py,25
sahool-platform,POST,/api/v1/weather-analytics/planting-guide,weather_planting_guide_endpoint,services/sahool-platform/api/routers/weather_analytics.py,40
sahool-platform,GET,/api/v1/wofost/crop-types,wofost_crop_types_endpoint,services/sahool-platform/api/routers/wofost.py,27
sahool-platform,GET,/api/v1/wofost/adaptation-guidance,wofost_adaptation_endpoint,services/sahool-platform/api/routers/wofost.py,33
sahool-platform,GET,/api/v1/analysis/yield,yield_analysis_endpoint,services/sahool-platform/api/routers/yield_analysis.py,39
sahool-platform,POST,/api/v1/fields/{field_id}/yield-interval,field_yield_interval_endpoint,services/sahool-platform/api/routers/yield_interval.py,49
sahool-platform,POST,/api/v1/fields/{field_id}/yield-maps/ingestions,ingest_yield_map,services/sahool-platform/api/routers/yield_map_ingestion.py,84
sahool-platform,GET,/api/v1/fields/{field_id}/yield-maps/ingestions,list_yield_map_ingestions,services/sahool-platform/api/routers/yield_map_ingestion.py,255
sahool-platform,GET,/api/v1/fields/{field_id}/yield-map-records,query_yield_map_records,services/sahool-platform/api/routers/yield_map_ingestion.py,289
sam2-inference,POST,/v1/predict,predict,services/sam2-inference/main.py,24
sam2-inference,GET,/healthz,healthz,services/sam2-inference/main.py,105
sam2-inference,GET,/health,legacy_health,services/sam2-inference/main.py,110
sam2-inference,GET,/readyz,readyz,services/sam2-inference/main.py,115
scout-ingest-service,POST,/internal/field-forms/definitions,create_definition,services/scout-ingest-service/field_forms_api.py,195
scout-ingest-service,POST,/internal/field-forms/definitions/{code}/versions,create_version,services/scout-ingest-service/field_forms_api.py,230
scout-ingest-service,POST,/internal/field-forms/versions/{version_id}/publish,publish_version,services/scout-ingest-service/field_forms_api.py,278
scout-ingest-service,POST,/internal/field-forms/versions/{version_id}/retire,retire_version,services/scout-ingest-service/field_forms_api.py,327
scout-ingest-service,POST,/internal/field-forms/assignments,create_assignment,services/scout-ingest-service/field_forms_api.py,361
scout-ingest-service,GET,/internal/field-forms/download,download_forms,services/scout-ingest-service/field_forms_api.py,393
scout-ingest-service,POST,/internal/field-forms/submissions,submit_form,services/scout-ingest-service/field_forms_api.py,465
scout-ingest-service,GET,/healthz,healthz,services/scout-ingest-service/main.py,178
scout-ingest-service,GET,/readyz,readyz,services/scout-ingest-service/main.py,183
scout-ingest-service,GET,/internal/scouting/external-observations,read_external_observations,services/scout-ingest-service/main.py,216
scout-ingest-service,POST,/internal/ingest/submissions/odk,ingest_odk_submission,services/scout-ingest-service/main.py,335
scout-ingest-service,POST,/internal/ingest/submissions/kobo,ingest_kobo_submission,services/scout-ingest-service/main.py,344
scout-ingest-service,POST,/internal/seasons,create_season_draft,services/scout-ingest-service/season_api.py,205
scout-ingest-service,PATCH,/internal/seasons/{season_id},patch_season_draft,services/scout-ingest-service/season_api.py,264
scout-ingest-service,POST,/internal/seasons/{season_id}/logbook,upload_logbook,services/scout-ingest-service/season_api.py,306
scout-ingest-service,GET,/internal/seasons/{season_id}/logbook,get_logbook_url,services/scout-ingest-service/season_api.py,368
scout-ingest-service,POST,/internal/seasons/{season_id}/accept,accept_season,services/scout-ingest-service/season_api.py,406
scout-ingest-service,GET,/internal/seasons,list_seasons,services/scout-ingest-service/season_api.py,478
scout-ingest-service,POST,/internal/seasons/{season_id}/events,add_season_event,services/scout-ingest-service/season_api.py,522
scout-ingest-service,POST,/internal/seasons/{season_id}/harvest,set_season_harvest,services/scout-ingest-service/season_api.py,583
scout-ingest-service,POST,/internal/seasons/{season_id}/costs,add_season_cost,services/scout-ingest-service/season_api.py,624
scout-ingest-service,GET,/internal/seasons/{season_id}/detail,season_detail,services/scout-ingest-service/season_api.py,668
soil-service,GET,/runtime-identity,runtime_evidence_identity,services/soil-service/main.py,198
soil-service,POST,/v1/soil/observations,create_observation,services/soil-service/routers/canonical.py,22
soil-service,GET,/v1/fields/{field_id}/soil/observations,observations,services/soil-service/routers/canonical.py,43
soil-service,POST,/v1/fields/{field_id}/soil/profile/rebuild,rebuild_profile,services/soil-service/routers/canonical.py,60
soil-service,GET,/v1/fields/{field_id}/soil/profile,current_profile,services/soil-service/routers/canonical.py,73
soil-service,GET,/v1/fields/{field_id}/soil/profile/history,profile_history,services/soil-service/routers/canonical.py,88
soil-service,POST,/v1/fields/{field_id}/soil/evidence,ingest_typed_evidence,services/soil-service/routers/canonical.py,126
soil-service,GET,/v1/soil/cutover/readiness,soil_cutover_readiness,services/soil-service/routers/canonical.py,167
soil-service,GET,/healthz,health,services/soil-service/routers/health.py,23
soil-service,GET,/readyz,readyz,services/soil-service/routers/health.py,28
soil-service,GET,/v1/soil/projection/status,projection_status,services/soil-service/routers/health.py,47
soil-service,GET,/metrics,metrics,services/soil-service/routers/health.py,56
soil-service,POST,/v1/soil/decode/modbus,decode_modbus,services/soil-service/routers/modbus.py,36
soil-service,POST,/v1/fields/{field_id}/soil/soilgrids-spatial,ingest_soilgrids,services/soil-service/routers/p1_products.py,35
soil-service,POST,/v1/fields/{field_id}/soil/sampling-plans,create_plan,services/soil-service/routers/p1_products.py,83
soil-service,POST,/v1/soil/sampling-plans/{plan_id}/approve,approve_plan,services/soil-service/routers/p1_products.py,100
soil-service,POST,/v1/fields/{field_id}/soil/hydraulic-profile/rebuild,rebuild_hydraulic,services/soil-service/routers/p1_products.py,114
soil-service,POST,/v1/soil/irrigation-water/samples,water_sample,services/soil-service/routers/p1_products.py,128
soil-service,GET,/v1/fields/{field_id}/soil/soilgrids-spatial,current_soilgrids,services/soil-service/routers/p1_products.py,141
soil-service,GET,/v1/fields/{field_id}/soil/sampling-plans/current,current_sampling,services/soil-service/routers/p1_products.py,154
soil-service,GET,/v1/fields/{field_id}/soil/hydraulic-profile,current_hydraulic,services/soil-service/routers/p1_products.py,167
soil-service,GET,/v1/soil/irrigation-water/sources/{source_id}/profile,current_water,services/soil-service/routers/p1_products.py,180
soil-service,POST,/v1/fields/{field_id}/soil/bare-soil-composite,bare,services/soil-service/routers/p2_products.py,48
soil-service,POST,/v1/fields/{field_id}/soil/terrain-derivatives,terrain,services/soil-service/routers/p2_products.py,69
soil-service,POST,/v1/fields/{field_id}/soil/texture-probability,texture,services/soil-service/routers/p2_products.py,87
soil-service,POST,/v1/fields/{field_id}/soil/salinity-assessment,salinity,services/soil-service/routers/p2_products.py,107
soil-service,GET,/v1/fields/{field_id}/soil/bare-soil-composite,get_bare,services/soil-service/routers/p2_products.py,139
soil-service,GET,/v1/fields/{field_id}/soil/terrain-derivatives,get_terrain,services/soil-service/routers/p2_products.py,146
soil-service,GET,/v1/fields/{field_id}/soil/texture-probability,get_texture,services/soil-service/routers/p2_products.py,153
soil-service,GET,/v1/fields/{field_id}/soil/salinity-assessment,get_salinity,services/soil-service/routers/p2_products.py,160
soil-service,POST,/v1/fields/{field_id}/soil/mobile-images/analyze,mobile,services/soil-service/routers/p3_products.py,58
soil-service,POST,/v1/fields/{field_id}/soil/analog-estimate,analog,services/soil-service/routers/p3_products.py,76
soil-service,POST,/v1/fields/{field_id}/soil/drainage-assessment,drainage,services/soil-service/routers/p3_products.py,94
soil-service,POST,/v1/fields/{field_id}/soil/reclamation-assessment,reclamation,services/soil-service/routers/p3_products.py,114
soil-service,POST,/v1/fields/{field_id}/soil/reclamation-economics,economics,services/soil-service/routers/p3_products.py,134
soil-service,GET,/v1/fields/{field_id}/soil/mobile-images/latest,get_mobile,services/soil-service/routers/p3_products.py,166
soil-service,GET,/v1/fields/{field_id}/soil/analog-estimate,get_analog,services/soil-service/routers/p3_products.py,173
soil-service,GET,/v1/fields/{field_id}/soil/drainage-assessment,get_drainage,services/soil-service/routers/p3_products.py,180
soil-service,GET,/v1/fields/{field_id}/soil/reclamation-assessment,get_reclamation,services/soil-service/routers/p3_products.py,187
soil-service,GET,/v1/fields/{field_id}/soil/reclamation-economics,get_economics,services/soil-service/routers/p3_products.py,194
soil-service,GET,/v1/soil/action-policies,policies,services/soil-service/routers/p4_workflow.py,32
soil-service,POST,/v1/fields/{field_id}/soil/actions/{action_type}/evaluate,evaluate,services/soil-service/routers/p4_workflow.py,38
soil-service,POST,/v1/fields/{field_id}/soil/executions,create_execution,services/soil-service/routers/p4_workflow.py,51
soil-service,POST,/v1/fields/{field_id}/soil/verifications,create_verification,services/soil-service/routers/p4_workflow.py,76
soil-service,POST,/v1/fields/{field_id}/soil/outcomes,create_outcome,services/soil-service/routers/p4_workflow.py,95
soil-service,POST,/v1/fields/{field_id}/soil/learning-attributions,create_learning,services/soil-service/routers/p4_workflow.py,114
soil-service,GET,/v1/fields/{field_id}/soil/closed-loop,closed_loop,services/soil-service/routers/p4_workflow.py,139
soil-service,POST,/v1/fields/{field_id}/soil/validations,create_validation,services/soil-service/routers/p5_certification.py,34
soil-service,POST,/v1/soil/calibrations/build,create_calibration,services/soil-service/routers/p5_certification.py,58
soil-service,POST,/v1/soil/calibrations/{calibration_id}/evaluate,evaluate_calibration,services/soil-service/routers/p5_certification.py,92
soil-service,POST,/v1/soil/production-certifications,create_certification,services/soil-service/routers/p5_certification.py,103
soil-service,POST,/v1/soil/learning-datasets,create_learning_dataset,services/soil-service/routers/p5_certification.py,128
soil-service,POST,/v1/soil/runtime-certifications/evaluate,evaluate_certification,services/soil-service/routers/p6_certification.py,21
soil-service,POST,/v1/soil/runtime-certifications/{run_id}/verify,verify_certification,services/soil-service/routers/p6_certification.py,49
soil-service,GET,/v1/soil/runtime-certifications/{run_id},get_certification,services/soil-service/routers/p6_certification.py,60
soil-service,GET,/v1/soil/readings/{field_id},get_readings,services/soil-service/routers/readings.py,23
soil-service,POST,/v1/soil/ingest,ingest_reading,services/soil-service/routers/readings.py,38
soil-service,POST,/v1/soil/suitability,soil_suitability,services/soil-service/routers/soil_profile.py,47
soil-service,GET,/v1/soil/soilgrids,soil_from_soilgrids,services/soil-service/routers/soil_profile.py,58
supervisor-agent,POST,/v1/agent/query,process_query,services/supervisor-agent/routers/agent.py,31
supervisor-agent,POST,/v1/agent/optimize,optimize_farm,services/supervisor-agent/routers/agent.py,96
supervisor-agent,GET,/v1/agent/tools,list_tools,services/supervisor-agent/routers/agent.py,139
supervisor-agent,GET,/v1/agent/journal/{invocation_id},get_journal_replay,services/supervisor-agent/routers/agent.py,161
supervisor-agent,GET,/v1/agent/actuator-audit,get_actuator_audit,services/supervisor-agent/routers/agent.py,185
supervisor-agent,GET,/healthz,healthz,services/supervisor-agent/routers/health.py,21
supervisor-agent,GET,/readyz,readyz,services/supervisor-agent/routers/health.py,26
supervisor-agent,GET,/metrics,metrics,services/supervisor-agent/routers/health.py,34
supervisor-agent,GET,/healthz/deps,healthz_deps,services/supervisor-agent/routers/health.py,43
tts-service,GET,/healthz,health,services/tts-service/routers/health.py,22
tts-service,GET,/readyz,readyz,services/tts-service/routers/health.py,27
tts-service,GET,/metrics,metrics,services/tts-service/routers/health.py,43
tts-service,GET,/v1/tts/voices,list_voices,services/tts-service/routers/tts.py,21
tts-service,GET,/v1/tts/status,tts_status,services/tts-service/routers/tts.py,31
tts-service,POST,/v1/tts/synthesize,synthesize,services/tts-service/routers/tts.py,44
tts-service,POST,/v1/tts/stream,stream,services/tts-service/routers/tts.py,125
vegetation-analysis-service,GET,/v1/analyze,analyze,services/vegetation-analysis-service/routers/analysis.py,22
vegetation-analysis-service,GET,/v1/timeseries/{field_id},timeseries,services/vegetation-analysis-service/routers/analysis.py,46
vegetation-analysis-service,GET,/v1/ndvi/current/{field_id},current_ndvi,services/vegetation-analysis-service/routers/analysis.py,91
vegetation-analysis-service,GET,/v1/all_fields,all_fields,services/vegetation-analysis-service/routers/analysis.py,145
vegetation-analysis-service,GET,/v1/indicators/registry,indicators_registry,services/vegetation-analysis-service/routers/analysis.py,196
vegetation-analysis-service,GET,/v1/indicators/registry/{name},indicator_registry_item,services/vegetation-analysis-service/routers/analysis.py,203
vegetation-analysis-service,POST,/v1/fields/{field_id}/signal-anomalies/detect,detect_signal_anomalies,services/vegetation-analysis-service/routers/anomalies.py,66
vegetation-analysis-service,GET,/v1/fields/{field_id}/signal-anomalies,list_signal_anomalies,services/vegetation-analysis-service/routers/anomalies.py,123
vegetation-analysis-service,POST,/v1/anomalies/{anomaly_ref:path}/transition,transition_anomaly,services/vegetation-analysis-service/routers/anomalies.py,137
vegetation-analysis-service,POST,/v1/anomalies/{anomaly_ref:path}/verification-requests,request_ground_verification,services/vegetation-analysis-service/routers/anomalies.py,161
vegetation-analysis-service,POST,/v1/anomalies/{anomaly_ref:path}/verification-results,accept_verification_result,services/vegetation-analysis-service/routers/anomalies.py,195
vegetation-analysis-service,POST,/v1/fields/{field_id}/baseline-comparisons,baseline_comparisons,services/vegetation-analysis-service/routers/baselines.py,30
vegetation-analysis-service,POST,/v1/anomalies/{anomaly_ref:path}/diagnoses,generate_diagnosis,services/vegetation-analysis-service/routers/diagnoses.py,31
vegetation-analysis-service,POST,/v1/anomalies/{anomaly_ref:path}/decision-referrals,refer_to_decision,services/vegetation-analysis-service/routers/diagnoses.py,55
vegetation-analysis-service,GET,/healthz,healthz,services/vegetation-analysis-service/routers/health.py,21
vegetation-analysis-service,GET,/readyz,readyz,services/vegetation-analysis-service/routers/health.py,26
vegetation-analysis-service,GET,/metrics,metrics,services/vegetation-analysis-service/routers/health.py,58
vegetation-analysis-service,POST,/v1/fields/{field_id}/post-execution-observations,schedule_post_execution_observation,services/vegetation-analysis-service/routers/outcomes.py,45
vegetation-analysis-service,POST,/v1/execution-requests/{execution_request_id}/remote-sensing-outcome,verify_remote_sensing_outcome,services/vegetation-analysis-service/routers/outcomes.py,67
vegetation-analysis-service,POST,/v1/outcomes/{outcome_id}/remote-sensing-attribution,attribute_remote_sensing_outcome,services/vegetation-analysis-service/routers/outcomes.py,88
video-processor,GET,/healthz,health,services/video-processor/routers/health.py,20
video-processor,GET,/readyz,readyz,services/video-processor/routers/health.py,29
video-processor,POST,/v1/streams,create_stream,services/video-processor/routers/streams.py,46
video-processor,DELETE,/v1/streams/{stream_id},stop_stream,services/video-processor/routers/streams.py,92
video-processor,GET,/v1/streams/{stream_id},get_stream,services/video-processor/routers/streams.py,113
video-processor,GET,/v1/streams,list_streams,services/video-processor/routers/streams.py,136
video-processor,POST,/v1/streams/{stream_id}/snapshot,snapshot,services/video-processor/routers/streams.py,162
video-processor,GET,/v1/streams/{stream_id}/snapshot,snapshot_zlm,services/video-processor/routers/streams.py,180
video-processor,POST,/v1/streams/{stream_id}/record/start,record_start,services/video-processor/routers/streams.py,203
video-processor,POST,/v1/streams/{stream_id}/record/stop,record_stop,services/video-processor/routers/streams.py,223
weather-service,GET,/runtime-identity,runtime_evidence_identity,services/weather-service/main.py,55
